

Microchip Technology PIC PRO Macro Assembler V1.45 build -152302408 
                                                                                               Mon Aug 31 09:53:18 2026

Microchip Technology Omniscient Code Generator v1.45 (PRO mode) build 201711160504
     1                           	processor	SC8F054
     2                           	opt	pw 120
     3                           	opt	pm
     4                           	psect	idataCOMMON,global,class=CODE,delta=2
     5                           	psect	idataBANK0,global,class=CODE,delta=2
     6                           	psect	idataBANK1,global,class=CODE,delta=2
     7                           	psect	cinit,global,class=CODE,merge=1,delta=2
     8                           	psect	dataCOMMON,global,class=COMMON,space=1,delta=1
     9                           	psect	bssBANK0,global,class=BANK0,space=1,delta=1
    10                           	psect	dataBANK0,global,class=BANK0,space=1,delta=1
    11                           	psect	bssBANK1,global,class=BANK1,space=1,delta=1
    12                           	psect	dataBANK1,global,class=BANK1,space=1,delta=1
    13                           	psect	inittext,global,class=CODE,delta=2
    14                           	psect	clrtext,global,class=CODE,delta=2
    15                           	psect	cstackCOMMON,global,class=COMMON,space=1,delta=1
    16                           	psect	cstackBANK0,global,class=BANK0,space=1,delta=1
    17                           	psect	maintext,global,class=CODE,split=1,delta=2
    18                           	psect	text1,local,class=CODE,merge=1,delta=2
    19                           	psect	text2,local,class=CODE,merge=1,delta=2
    20                           	psect	text3,local,class=CODE,merge=1,delta=2
    21                           	psect	text4,local,class=CODE,merge=1,delta=2
    22                           	psect	text5,local,class=CODE,merge=1,delta=2
    23                           	psect	text6,local,class=CODE,merge=1,delta=2
    24                           	psect	text7,local,class=CODE,merge=1,delta=2
    25                           	psect	text8,local,class=CODE,merge=1,delta=2,group=1
    26                           	psect	text9,local,class=CODE,merge=1,delta=2
    27                           	psect	text10,local,class=CODE,merge=1,delta=2
    28                           	psect	text11,local,class=CODE,merge=1,delta=2
    29                           	psect	text12,local,class=CODE,merge=1,delta=2
    30                           	psect	text13,local,class=CODE,merge=1,delta=2
    31                           	psect	text14,local,class=CODE,merge=1,delta=2
    32                           	psect	text15,local,class=CODE,merge=1,delta=2
    33                           	psect	text16,local,class=CODE,merge=1,delta=2
    34                           	psect	text17,local,class=CODE,merge=1,delta=2,group=1
    35                           	psect	text18,local,class=CODE,merge=1,delta=2
    36                           	psect	text19,local,class=CODE,merge=1,delta=2
    37                           	psect	text20,local,class=CODE,merge=1,delta=2
    38                           	psect	text21,local,class=CODE,merge=1,delta=2
    39                           	psect	text22,local,class=CODE,merge=1,delta=2
    40                           	psect	text23,local,class=CODE,merge=1,delta=2
    41                           	psect	text24,local,class=CODE,merge=1,delta=2
    42                           	psect	text25,local,class=CODE,merge=1,delta=2
    43                           	psect	text26,local,class=CODE,merge=1,delta=2
    44                           	psect	text27,local,class=CODE,merge=1,delta=2
    45                           	psect	text28,local,class=CODE,merge=1,delta=2
    46                           	psect	swtext1,local,class=CONST,delta=2
    47                           	psect	text29,local,class=CODE,merge=1,delta=2
    48                           	psect	text30,local,class=CODE,merge=1,delta=2,group=1
    49                           	psect	text31,local,class=CODE,merge=1,delta=2,group=1
    50                           	psect	text32,local,class=CODE,merge=1,delta=2
    51                           	psect	intentry,global,class=CODE,delta=2
    52                           	psect	swtext2,local,class=CONST,delta=2
    53                           	psect	text33,local,class=CODE,merge=1,delta=2,group=1
    54                           	psect	text34,local,class=CODE,merge=1,delta=2
    55                           	dabs	1,0x7E,2
    56  0000                     
    57                           ; Version 1.45
    58                           ; Generated 16/11/2017 GMT
    59                           ; 
    60                           ; Copyright 漏 2017, Microchip Technology Inc. and its subsidiaries ("Microchip")
    61                           ; All rights reserved.
    62                           ; 
    63                           ; This software is developed by Microchip Technology Inc. and its subsidiaries ("Microch
      +                          ip").
    64                           ; 
    65                           ; Redistribution and use in source and binary forms, with or without modification, are
    66                           ; permitted provided that the following conditions are met:
    67                           ; 
    68                           ;     1. Redistributions of source code must retain the above copyright notice, this lis
      +                          t of
    69                           ;        conditions and the following disclaimer.
    70                           ; 
    71                           ;     2. Redistributions in binary form must reproduce the above copyright notice, this 
      +                          list
    72                           ;        of conditions and the following disclaimer in the documentation and/or other
    73                           ;        materials provided with the distribution.
    74                           ; 
    75                           ;     3. Microchip's name may not be used to endorse or promote products derived from th
      +                          is
    76                           ;        software without specific prior written permission.
    77                           ; 
    78                           ; THIS SOFTWARE IS PROVIDED BY MICROCHIP "AS IS" AND ANY EXPRESS OR IMPLIED WARRANTIES,
    79                           ; INCLUDING, BUT NOT LIMITED TO, THE IMPLIED WARRANTIES OF MERCHANTABILITY AND FITNESS F
      +                          OR
    80                           ; PURPOSE ARE DISCLAIMED.  IN NO EVENT SHALL MICROCHIP BE LIABLE FOR ANY DIRECT, INDIREC
      +                          T,
    81                           ; INCIDENTAL, SPECIAL, EXEMPLARY, OR CONSEQUENTIAL DAMAGES (INCLUDING BUT NOT LIMITED TO
    82                           ; PROCUREMENT OF SUBSTITUTE GOODS OR SERVICES; LOSS OF USE, DATA OR PROFITS; OR BUSINESS
    83                           ; INTERRUPTION) HOWSOEVER CAUSED AND ON ANY THEORY OF LIABILITY, WHETHER IN CONTRACT, ST
      +                          RICT
    84                           ; LIABILITY, OR TORT (INCLUDING NEGLIGENCE OR OTHERWISE) ARISING IN ANY WAY OUT OF THE U
      +                          SE OF
    85                           ; THIS SOFTWARE, EVEN IF ADVISED OF THE POSSIBILITY OF SUCH DAMAGE.
    86                           ; 
    87                           ; 
    88                           ; Code-generator required, PIC16F887 Definitions
    89                           ; 
    90                           ; SFR Addresses
    91  0000                     
    92                           	psect	idataCOMMON
    93  0000                     __pidataCOMMON:	
    94                           
    95                           	psect	idataBANK0
    96  0609                     __pidataBANK0:	
    97                           
    98                           ;initializer for _led_control
    99  0609  3401               	retlw	1
   100  060A  3400               	retlw	0
   101  060B  3400               	retlw	0
   102  060C  3400               	retlw	0
   103  060D  3400               	retlw	0
   104  060E  3400               	retlw	0
   105  060F  3400               	retlw	0
   106  0610  3400               	retlw	0
   107  0611  3400               	retlw	0
   108  0612  3400               	retlw	0
   109  0613  3400               	retlw	0
   110  0614  3400               	retlw	0
   111  0615  3400               	retlw	0
   112  0616  3400               	retlw	0
   113  0617  3400               	retlw	0
   114  0618  3400               	retlw	0
   115  0619  3400               	retlw	0
   116  061A  3400               	retlw	0
   117  061B  3400               	retlw	0
   118  061C  3400               	retlw	0
   119  061D  3400               	retlw	0
   120  061E  3401               	retlw	1
   121                           
   122                           ;initializer for _soft_recieve_control
   123  061F  3420               	retlw	32
   124  0620  3400               	retlw	0
   125  0621  3400               	retlw	0
   126  0622  3400               	retlw	0
   127  0623  3400               	retlw	0
   128  0624  3400               	retlw	0
   129  0625  3400               	retlw	0
   130  0626  3400               	retlw	0
   131  0627  3400               	retlw	0
   132  0628  3400               	retlw	0
   133  0629  3400               	retlw	0
   134  062A  3400               	retlw	0
   135  062B  3400               	retlw	0
   136  062C  3400               	retlw	0
   137  062D  3401               	retlw	1
   138  062E  3400               	retlw	0
   139  062F  3400               	retlw	0
   140                           
   141                           ;initializer for _randx
   142  0630  3401               	retlw	1
   143  0631  3400               	retlw	0
   144  0632  3400               	retlw	0
   145  0633  3400               	retlw	0
   146                           
   147                           	psect	idataBANK1
   148  0000                     __pidataBANK1:	
   149  001E                     _PWMD01H	set	30
   150  001D                     _PWMCON2	set	29
   151  001C                     _PWMT4L	set	28
   152  001B                     _PWMD4L	set	27
   153  001A                     _PWMD1L	set	26
   154  0018                     _PWMTH	set	24
   155  0017                     _PWMTL	set	23
   156  0016                     _PWMCON1	set	22
   157  0015                     _PWMCON0	set	21
   158  0014                     _OSCCON	set	20
   159  0013                     _T2CON	set	19
   160  0011                     _PR2	set	17
   161  000E                     _PIE1	set	14
   162  000D                     _PIR1	set	13
   163  000C                     _ODCONB	set	12
   164  000B                     _INTCON	set	11
   165  0009                     _IOCB	set	9
   166  0008                     _WPUB	set	8
   167  0007                     _WPDB	set	7
   168  0006                     _PORTB	set	6
   169  0005                     _TRISB	set	5
   170  0001                     _OPTION_REG	set	1
   171  0071                     _TMR2IE	set	113
   172  0069                     _TMR2IF	set	105
   173  0058                     _RBIF	set	88
   174  005B                     _RBIE	set	91
   175  005F                     _GIE	set	95
   176  0030                     _RB0	set	48
   177  0034                     _RB4	set	52
   178  0035                     _RB5	set	53
   179  009E                     _PWMD23H	set	158
   180  009B                     _PWMD2L	set	155
   181  008C                     _ODCONA	set	140
   182  0089                     _IOCA	set	137
   183  0088                     _WPUA	set	136
   184  0087                     _WPDA	set	135
   185  0085                     _TRISA	set	133
   186                           
   187                           	psect	cinit
   188  000D                     start_initialization:	
   189                           ; #config settings
   190                           
   191  000D                     __initialization:	
   192                           
   193                           ; Initialize objects allocated to BANK1
   194  000D  1683               	bsf	3,5	;RP0=1, select bank1
   195                           
   196                           ;initializer for _RF_Test_Adrress
   197  000E  3023               	movlw	35
   198  000F  00C2               	movwf	__pdataBANK1& (0+127)
   199  0010  3024               	movlw	36
   200  0011  00C3               	movwf	(__pdataBANK1+1)& (0+127)
   201  0012  3025               	movlw	37
   202  0013  00C4               	movwf	(__pdataBANK1+2)& (0+127)
   203  0014  3026               	movlw	38
   204  0015  00C5               	movwf	(__pdataBANK1+3)& (0+127)
   205  0016  3027               	movlw	39
   206  0017  00C6               	movwf	(__pdataBANK1+4)& (0+127)
   207                           
   208                           ; Initialize objects allocated to BANK0
   209  0018  1383               	bcf	3,7	;select IRP bank0
   210  0019  304B               	movlw	low (__pdataBANK0+43)
   211  001A  00FD               	movwf	btemp+-1
   212  001B  3006               	movlw	high __pidataBANK0
   213  001C  00FE               	movwf	btemp
   214  001D  3009               	movlw	low __pidataBANK0
   215  001E  00FF               	movwf	btemp+1
   216  001F  3020               	movlw	low __pdataBANK0
   217  0020  0084               	movwf	4
   218  0021  274D               	fcall	init_ram0
   219                           
   220                           ;initializer for _sleep_control
   221  0022  3001               	movlw	1
   222  0023  00F7               	movwf	__pdataCOMMON& (0+127)
   223  0024  3000               	movlw	0
   224  0025  00F8               	movwf	(__pdataCOMMON+1)& (0+127)
   225  0026  3000               	movlw	0
   226  0027  00F9               	movwf	(__pdataCOMMON+2)& (0+127)
   227                           
   228                           ; Clear objects allocated to BANK1
   229  0028  30A0               	movlw	low __pbssBANK1
   230  0029  0084               	movwf	4
   231  002A  30C2               	movlw	low (__pbssBANK1+34)
   232  002B  27A8               	fcall	clear_ram0
   233                           
   234                           ; Clear objects allocated to BANK0
   235  002C  3069               	movlw	low __pbssBANK0
   236  002D  0084               	movwf	4
   237  002E  306D               	movlw	low (__pbssBANK0+4)
   238  002F  27A8               	fcall	clear_ram0
   239  0030                     end_of_initialization:	
   240                           ;End of C runtime variable initialization code
   241                           
   242  0030                     __end_of__initialization:	
   243  0030  0183               	clrf	3
   244  0031  2F9F               	ljmp	_main	;jump to C main() function
   245                           
   246                           	psect	dataCOMMON
   247  0077                     __pdataCOMMON:	
   248  0077                     _sleep_control:	
   249  0077                     	ds	3
   250                           
   251                           	psect	bssBANK0
   252  0069                     __pbssBANK0:	
   253  0069                     _key_control:	
   254  0069                     	ds	4
   255                           
   256                           	psect	dataBANK0
   257  0020                     __pdataBANK0:	
   258  0020                     _led_control:	
   259  0020                     	ds	22
   260  0036                     _soft_recieve_control:	
   261  0036                     	ds	17
   262  0047                     _randx:	
   263  0047                     	ds	4
   264                           
   265                           	psect	bssBANK1
   266  00A0                     __pbssBANK1:	
   267  00A0                     _soft_data:	
   268  00A0                     	ds	34
   269                           
   270                           	psect	dataBANK1
   271  00C2                     __pdataBANK1:	
   272  00C2                     _RF_Test_Adrress:	
   273  00C2                     	ds	5
   274                           
   275                           	psect	inittext
   276  0749                     init_fetch0:	
   277                           ;	Called with low address in FSR and high address in W
   278                           
   279  0749  087E               	movf	126,w
   280  074A  008A               	movwf	10
   281  074B  087F               	movf	127,w
   282  074C  0082               	movwf	2
   283  074D                     init_ram0:	
   284                           ;Called with:
   285                           ;	high address of idata address in btemp 
   286                           ;	low address of idata address in btemp+1 
   287                           ;	low address of data in FSR
   288                           ;	high address + 1 of data in btemp-1
   289                           
   290  074D  2749               	fcall	init_fetch0
   291  074E  0080               	movwf	0
   292  074F  0A84               	incf	4,f
   293  0750  0804               	movf	4,w
   294  0751  067D               	xorwf	125,w
   295  0752  1903               	btfsc	3,2
   296  0753  3400               	retlw	0
   297  0754  0AFF               	incf	127,f
   298  0755  1903               	btfsc	3,2
   299  0756  0AFE               	incf	126,f
   300  0757  2F4D               	goto	init_ram0
   301                           
   302                           	psect	clrtext
   303  07A8                     clear_ram0:	
   304                           ;	Called with FSR containing the base address, and
   305                           ;	W with the last address+1
   306                           
   307  07A8  0064               	clrwdt	;clear the watchdog before getting into this loop
   308  07A9                     clrloop0:	
   309  07A9  0180               	clrf	0	;clear RAM location pointed to by FSR
   310  07AA  0A84               	incf	4,f	;increment pointer
   311  07AB  0604               	xorwf	4,w	;XOR with final address
   312  07AC  1903               	btfsc	3,2	;have we reached the end yet?
   313  07AD  3400               	retlw	0	;all done for this memory range, return
   314  07AE  0604               	xorwf	4,w	;XOR again to restore value
   315  07AF  2FA9               	goto	clrloop0	;do the next byte
   316                           
   317                           	psect	cstackCOMMON
   318  0070                     __pcstackCOMMON:	
   319  0070                     ?_Init_System:	
   320  0070                     ?_XL2400T_Init:	
   321                           ; 1 bytes @ 0x0
   322                           
   323  0070                     ?_RF_Rx_Mode:	
   324                           ; 1 bytes @ 0x0
   325                           
   326  0070                     ?_RF_RX_Data:	
   327                           ; 1 bytes @ 0x0
   328                           
   329  0070                     ?_Led_Color_Prg:	
   330                           ; 1 bytes @ 0x0
   331                           
   332  0070                     ?_Rand_num:	
   333                           ; 1 bytes @ 0x0
   334                           
   335  0070                     ?_Sleep_Mode:	
   336                           ; 1 bytes @ 0x0
   337                           
   338  0070                     ?_Key_Check_Time:	
   339                           ; 1 bytes @ 0x0
   340                           
   341  0070                     ??_Key_Check_Time:	
   342                           ; 1 bytes @ 0x0
   343                           
   344  0070                     ?_RF_CE_Low:	
   345                           ; 1 bytes @ 0x0
   346                           
   347  0070                     ?_main:	
   348                           ; 1 bytes @ 0x0
   349                           
   350  0070                     ?_INT_Isr:	
   351                           ; 1 bytes @ 0x0
   352                           
   353  0070                     ?_Key_Scan:	
   354                           ; 1 bytes @ 0x0
   355                           
   356  0070                     ?_Key_Event:	
   357                           ; 1 bytes @ 0x0
   358                           
   359  0070                     ?_Delay_3us:	
   360                           ; 1 bytes @ 0x0
   361                           
   362  0070                     ?_Delay_us:	
   363                           ; 1 bytes @ 0x0
   364                           
   365  0070                     ?_Delay_1ms:	
   366                           ; 1 bytes @ 0x0
   367                           
   368  0070                     ?_Delay_ms:	
   369                           ; 1 bytes @ 0x0
   370                           
   371  0070                     ?_Soft_Decode:	
   372                           ; 1 bytes @ 0x0
   373                           
   374  0070                     ?_RF_SPI_Write_Byte:	
   375                           ; 1 bytes @ 0x0
   376                           
   377  0070                     ?_RF_SPI_Read_Byte:	
   378                           ; 1 bytes @ 0x0
   379                           
   380  0070                     ?_RF_SPI_Read_Reg:	
   381                           ; 1 bytes @ 0x0
   382                           
   383  0070                     ?_RF_CE_High:	
   384                           ; 1 bytes @ 0x0
   385                           
   386  0070                     ?_RF_Refresh_State:	
   387                           ; 1 bytes @ 0x0
   388                           
   389  0070                     ?_RF_Set_Chn:	
   390                           ; 1 bytes @ 0x0
   391                           
   392  0070                     ?_RF_Set_Address:	
   393                           ; 1 bytes @ 0x0
   394                           
   395  0070                     ?_RF_Set_Power:	
   396                           ; 1 bytes @ 0x0
   397                           
   398  0070                     ?___lbdiv:	
   399                           ; 1 bytes @ 0x0
   400                           
   401  0070                     ___lbdiv@divisor:	
   402                           ; 1 bytes @ 0x0
   403                           
   404                           
   405                           ; 1 bytes @ 0x0
   406  0070                     	ds	1
   407  0071                     ??___lbdiv:	
   408  0071                     ___lbdiv@dividend:	
   409                           ; 1 bytes @ 0x1
   410                           
   411                           
   412                           ; 1 bytes @ 0x1
   413  0071                     	ds	1
   414  0072                     ___lbdiv@counter:	
   415                           
   416                           ; 1 bytes @ 0x2
   417  0072                     	ds	1
   418  0073                     ___lbdiv@quotient:	
   419                           
   420                           ; 1 bytes @ 0x3
   421  0073                     	ds	1
   422  0074                     ??_INT_Isr:	
   423                           
   424                           ; 1 bytes @ 0x4
   425  0074                     	ds	3
   426                           
   427                           	psect	cstackBANK0
   428  004B                     __pcstackBANK0:	
   429  004B                     ??_Init_System:	
   430  004B                     ??_Key_Scan:	
   431                           ; 1 bytes @ 0x0
   432                           
   433  004B                     ??_Key_Event:	
   434                           ; 1 bytes @ 0x0
   435                           
   436  004B                     ??_Delay_3us:	
   437                           ; 1 bytes @ 0x0
   438                           
   439  004B                     ??_Delay_us:	
   440                           ; 1 bytes @ 0x0
   441                           
   442  004B                     ??_RF_SPI_Write_Byte:	
   443                           ; 1 bytes @ 0x0
   444                           
   445  004B                     ??_RF_SPI_Read_Byte:	
   446                           ; 1 bytes @ 0x0
   447                           
   448  004B                     ?___awmod:	
   449                           ; 1 bytes @ 0x0
   450                           
   451  004B                     ?___lmul:	
   452                           ; 2 bytes @ 0x0
   453                           
   454  004B                     Delay_3us@i:	
   455                           ; 4 bytes @ 0x0
   456                           
   457  004B                     Delay_us@x:	
   458                           ; 1 bytes @ 0x0
   459                           
   460  004B                     RF_SPI_Write_Byte@buff:	
   461                           ; 1 bytes @ 0x0
   462                           
   463  004B                     RF_SPI_Read_Byte@buff:	
   464                           ; 1 bytes @ 0x0
   465                           
   466  004B                     ___awmod@divisor:	
   467                           ; 1 bytes @ 0x0
   468                           
   469  004B                     ___lmul@multiplier:	
   470                           ; 2 bytes @ 0x0
   471                           
   472                           
   473                           ; 4 bytes @ 0x0
   474  004B                     	ds	1
   475  004C                     Delay_3us@j:	
   476  004C                     Delay_us@i:	
   477                           ; 1 bytes @ 0x1
   478                           
   479  004C                     RF_SPI_Write_Byte@i:	
   480                           ; 1 bytes @ 0x1
   481                           
   482  004C                     RF_SPI_Read_Byte@i:	
   483                           ; 1 bytes @ 0x1
   484                           
   485                           
   486                           ; 1 bytes @ 0x1
   487  004C                     	ds	1
   488  004D                     ?_RF_SPI_Write_Reg:	
   489  004D                     ??_RF_SPI_Read_Reg:	
   490                           ; 1 bytes @ 0x2
   491                           
   492  004D                     ?_RF_Write_Buff:	
   493                           ; 1 bytes @ 0x2
   494                           
   495  004D                     ?_RF_Read_Buff:	
   496                           ; 1 bytes @ 0x2
   497                           
   498  004D                     Delay_us@j:	
   499                           ; 1 bytes @ 0x2
   500                           
   501  004D                     RF_SPI_Write_Reg@W_Data:	
   502                           ; 1 bytes @ 0x2
   503                           
   504  004D                     RF_SPI_Read_Reg@RF_Reg:	
   505                           ; 1 bytes @ 0x2
   506                           
   507  004D                     RF_Write_Buff@pBuff:	
   508                           ; 1 bytes @ 0x2
   509                           
   510  004D                     RF_Read_Buff@pBuff:	
   511                           ; 1 bytes @ 0x2
   512                           
   513  004D                     ___awmod@dividend:	
   514                           ; 1 bytes @ 0x2
   515                           
   516                           
   517                           ; 2 bytes @ 0x2
   518  004D                     	ds	1
   519  004E                     ??_RF_SPI_Write_Reg:	
   520  004E                     ??_Delay_1ms:	
   521                           ; 1 bytes @ 0x3
   522                           
   523  004E                     ??_Delay_ms:	
   524                           ; 1 bytes @ 0x3
   525                           
   526  004E                     Delay_ms@x:	
   527                           ; 1 bytes @ 0x3
   528                           
   529  004E                     RF_SPI_Write_Reg@RF_Reg:	
   530                           ; 1 bytes @ 0x3
   531                           
   532  004E                     RF_SPI_Read_Reg@rTemp:	
   533                           ; 1 bytes @ 0x3
   534                           
   535  004E                     RF_Write_Buff@Len:	
   536                           ; 1 bytes @ 0x3
   537                           
   538  004E                     RF_Read_Buff@Len:	
   539                           ; 1 bytes @ 0x3
   540                           
   541                           
   542                           ; 1 bytes @ 0x3
   543  004E                     	ds	1
   544  004F                     ??_Sleep_Mode:	
   545  004F                     ??_RF_CE_Low:	
   546                           ; 1 bytes @ 0x4
   547                           
   548  004F                     ??_RF_Write_Buff:	
   549                           ; 1 bytes @ 0x4
   550                           
   551  004F                     ??_RF_Read_Buff:	
   552                           ; 1 bytes @ 0x4
   553                           
   554  004F                     ??_RF_CE_High:	
   555                           ; 1 bytes @ 0x4
   556                           
   557  004F                     ??_RF_Refresh_State:	
   558                           ; 1 bytes @ 0x4
   559                           
   560  004F                     ??_RF_Set_Chn:	
   561                           ; 1 bytes @ 0x4
   562                           
   563  004F                     ??___awmod:	
   564                           ; 1 bytes @ 0x4
   565                           
   566  004F                     Delay_ms@i:	
   567                           ; 1 bytes @ 0x4
   568                           
   569  004F                     RF_Set_Chn@Chn:	
   570                           ; 1 bytes @ 0x4
   571                           
   572  004F                     ___awmod@counter:	
   573                           ; 1 bytes @ 0x4
   574                           
   575  004F                     ___lmul@multiplicand:	
   576                           ; 1 bytes @ 0x4
   577                           
   578                           
   579                           ; 4 bytes @ 0x4
   580  004F                     	ds	1
   581  0050                     RF_Write_Buff@RF_Reg:	
   582  0050                     RF_Read_Buff@RF_Reg:	
   583                           ; 1 bytes @ 0x5
   584                           
   585  0050                     ___awmod@sign:	
   586                           ; 1 bytes @ 0x5
   587                           
   588  0050                     RF_Set_Chn@temp:	
   589                           ; 1 bytes @ 0x5
   590                           
   591                           
   592                           ; 2 bytes @ 0x5
   593  0050                     	ds	1
   594  0051                     ??_Soft_Decode:	
   595  0051                     RF_Write_Buff@rTemp:	
   596                           ; 1 bytes @ 0x6
   597                           
   598  0051                     RF_Read_Buff@i:	
   599                           ; 1 bytes @ 0x6
   600                           
   601                           
   602                           ; 1 bytes @ 0x6
   603  0051                     	ds	1
   604  0052                     RF_Write_Buff@i:	
   605                           
   606                           ; 1 bytes @ 0x7
   607  0052                     	ds	1
   608  0053                     ??_RF_Rx_Mode:	
   609  0053                     ??_RF_Set_Address:	
   610                           ; 1 bytes @ 0x8
   611                           
   612  0053                     ??_RF_Set_Power:	
   613                           ; 1 bytes @ 0x8
   614                           
   615  0053                     ??___lmul:	
   616                           ; 1 bytes @ 0x8
   617                           
   618  0053                     RF_Set_Address@AddrBuff:	
   619                           ; 1 bytes @ 0x8
   620                           
   621  0053                     RF_Set_Power@Power:	
   622                           ; 1 bytes @ 0x8
   623                           
   624  0053                     RF_Rx_Mode@Mode_Buff:	
   625                           ; 1 bytes @ 0x8
   626                           
   627  0053                     ___lmul@product:	
   628                           ; 3 bytes @ 0x8
   629                           
   630                           
   631                           ; 4 bytes @ 0x8
   632  0053                     	ds	1
   633  0054                     RF_Set_Power@Power_Buff:	
   634                           
   635                           ; 3 bytes @ 0x9
   636  0054                     	ds	2
   637  0056                     ??_RF_RX_Data:	
   638  0056                     RF_RX_Data@rx_buff:	
   639                           ; 1 bytes @ 0xB
   640                           
   641                           
   642                           ; 1 bytes @ 0xB
   643  0056                     	ds	1
   644  0057                     ??_XL2400T_Init:	
   645  0057                     ?_rand:	
   646                           ; 1 bytes @ 0xC
   647                           
   648  0057                     ?___lldiv:	
   649                           ; 2 bytes @ 0xC
   650                           
   651  0057                     ___lldiv@divisor:	
   652                           ; 4 bytes @ 0xC
   653                           
   654  0057                     XL2400T_Init@gRfBuffer:	
   655                           ; 4 bytes @ 0xC
   656                           
   657                           
   658                           ; 8 bytes @ 0xC
   659  0057                     	ds	2
   660  0059                     ??_Rand_num:	
   661  0059                     ??_rand:	
   662                           ; 1 bytes @ 0xE
   663                           
   664                           
   665                           ; 1 bytes @ 0xE
   666  0059                     	ds	2
   667  005B                     ___lldiv@dividend:	
   668                           
   669                           ; 4 bytes @ 0x10
   670  005B                     	ds	4
   671  005F                     ??___lldiv:	
   672  005F                     ___lldiv@quotient:	
   673                           ; 1 bytes @ 0x14
   674                           
   675                           
   676                           ; 4 bytes @ 0x14
   677  005F                     	ds	4
   678  0063                     ___lldiv@counter:	
   679                           
   680                           ; 1 bytes @ 0x18
   681  0063                     	ds	1
   682  0064                     ?_map_0_255_to_1000_0:	
   683  0064                     map_0_255_to_1000_0@green_duty:	
   684                           ; 1 bytes @ 0x19
   685                           
   686                           
   687                           ; 1 bytes @ 0x19
   688  0064                     	ds	1
   689  0065                     map_0_255_to_1000_0@blue_duty:	
   690                           
   691                           ; 1 bytes @ 0x1A
   692  0065                     	ds	1
   693  0066                     ??_map_0_255_to_1000_0:	
   694  0066                     map_0_255_to_1000_0@red_duty:	
   695                           ; 1 bytes @ 0x1B
   696                           
   697                           
   698                           ; 1 bytes @ 0x1B
   699  0066                     	ds	1
   700  0067                     map_0_255_to_1000_0@duty_10bit:	
   701                           
   702                           ; 2 bytes @ 0x1C
   703  0067                     	ds	2
   704  0069                     ??_Led_Color_Prg:	
   705  0069                     ??_main:	
   706                           ; 1 bytes @ 0x1E
   707                           
   708                           
   709                           	psect	maintext
   710  079F                     __pmaintext:	
   711                           ; 1 bytes @ 0x1E
   712 ;;
   713 ;;Main: autosize = 0, tempsize = 0, incstack = 0, save=0
   714 ;;
   715 ;; *************** function _main *****************
   716 ;; Defined at:
   717 ;;		line 9 in file "D:\QW\QW-项目\QW-247\程序\手环-中微-程序-16通道-2.4G\QW-247_SC8F054_V1.0_16M2T_16Channel\SC8F054_mai
      +n.c"
   718 ;; Parameters:    Size  Location     Type
   719 ;;		None
   720 ;; Auto vars:     Size  Location     Type
   721 ;;		None
   722 ;; Return value:  Size  Location     Type
   723 ;;                  1    wreg      void 
   724 ;; Registers used:
   725 ;;		wreg, fsr0l, fsr0h, status,2, status,0, btemp+1, pclath, cstack
   726 ;; Tracked objects:
   727 ;;		On entry : B00/0
   728 ;;		On exit  : 100/0
   729 ;;		Unchanged: 0/0
   730 ;; Data sizes:     COMMON   BANK0   BANK1
   731 ;;      Params:         0       0       0
   732 ;;      Locals:         0       0       0
   733 ;;      Temps:          0       0       0
   734 ;;      Totals:         0       0       0
   735 ;;Total ram usage:        0 bytes
   736 ;; Hardware stack levels required when called:    6
   737 ;; This function calls:
   738 ;;		_Init_System
   739 ;;		_Led_Color_Prg
   740 ;;		_RF_RX_Data
   741 ;;		_RF_Rx_Mode
   742 ;;		_Rand_num
   743 ;;		_Sleep_Mode
   744 ;;		_XL2400T_Init
   745 ;; This function is called by:
   746 ;;		Startup code after reset
   747 ;; This function uses a non-reentrant model
   748 ;;
   749                           
   750                           
   751                           ;psect for function _main
   752  079F                     _main:	
   753                           
   754                           ;SC8F054_main.c: 11: Init_System();
   755                           
   756                           ;incstack = 0
   757                           ; Regs used in _main: [wreg-fsr0h+status,2+status,0+btemp+1+pclath+cstack]
   758  079F  25AA               	fcall	_Init_System
   759                           
   760                           ;SC8F054_main.c: 12: XL2400T_Init();
   761  07A0  2435               	fcall	_XL2400T_Init
   762                           
   763                           ;SC8F054_main.c: 13: RF_Rx_Mode();
   764  07A1  265C               	fcall	_RF_Rx_Mode
   765  07A2                     l6575:	
   766                           
   767                           ;SC8F054_main.c: 16: {
   768                           ;SC8F054_main.c: 17: RF_RX_Data(soft_data);
   769  07A2  30A0               	movlw	(low (_soft_data| 0))& (0+255)
   770  07A3  250D               	fcall	_RF_RX_Data
   771                           
   772                           ;SC8F054_main.c: 18: Led_Color_Prg();
   773  07A4  23C1               	fcall	_Led_Color_Prg
   774                           
   775                           ;SC8F054_main.c: 21: Rand_num();
   776  07A5  278B               	fcall	_Rand_num
   777                           
   778                           ;SC8F054_main.c: 22: Sleep_Mode();
   779  07A6  22D2               	fcall	_Sleep_Mode
   780  07A7  2FA2               	goto	l6575
   781  07A8                     __end_of_main:	
   782                           
   783                           	psect	text1
   784  0435                     __ptext1:	
   785 ;; *************** function _XL2400T_Init *****************
   786 ;; Defined at:
   787 ;;		line 317 in file "D:\QW\QW-项目\QW-247\程序\手环-中微-程序-16通道-2.4G\QW-247_SC8F054_V1.0_16M2T_16Channel\SC8F054_x
      +l2400t.c"
   788 ;; Parameters:    Size  Location     Type
   789 ;;		None
   790 ;; Auto vars:     Size  Location     Type
   791 ;;  gRfBuffer       8   12[BANK0 ] unsigned char [8]
   792 ;;  dat             1    0        unsigned char 
   793 ;; Return value:  Size  Location     Type
   794 ;;                  1    wreg      void 
   795 ;; Registers used:
   796 ;;		wreg, fsr0l, fsr0h, status,2, status,0, btemp+1, pclath, cstack
   797 ;; Tracked objects:
   798 ;;		On entry : 100/0
   799 ;;		On exit  : 100/0
   800 ;;		Unchanged: 0/0
   801 ;; Data sizes:     COMMON   BANK0   BANK1
   802 ;;      Params:         0       0       0
   803 ;;      Locals:         0       8       0
   804 ;;      Temps:          0       0       0
   805 ;;      Totals:         0       8       0
   806 ;;Total ram usage:        8 bytes
   807 ;; Hardware stack levels used:    1
   808 ;; Hardware stack levels required when called:    5
   809 ;; This function calls:
   810 ;;		_Delay_1ms
   811 ;;		_Delay_ms
   812 ;;		_RF_Read_Buff
   813 ;;		_RF_SPI_Write_Reg
   814 ;;		_RF_Set_Address
   815 ;;		_RF_Set_Power
   816 ;;		_RF_Write_Buff
   817 ;; This function is called by:
   818 ;;		_main
   819 ;; This function uses a non-reentrant model
   820 ;;
   821                           
   822                           
   823                           ;psect for function _XL2400T_Init
   824  0435                     _XL2400T_Init:	
   825                           
   826                           ;SC8F054_xl2400t.c: 320: Delay_ms(150);
   827                           
   828                           ;incstack = 0
   829                           ; Regs used in _XL2400T_Init: [wreg-fsr0h+status,2+status,0+btemp+1+pclath+cstack]
   830  0435  3096               	movlw	150
   831  0436  2795               	fcall	_Delay_ms
   832                           
   833                           ;SC8F054_xl2400t.c: 322: RF_SPI_Write_Reg(0x20 + (0X00), 0x02);
   834  0437  3002               	movlw	2
   835  0438  00CD               	movwf	RF_SPI_Write_Reg@W_Data
   836  0439  3020               	movlw	32
   837  043A  27B7               	fcall	_RF_SPI_Write_Reg
   838                           
   839                           ;SC8F054_xl2400t.c: 323: Delay_1ms();
   840  043B  27C6               	fcall	_Delay_1ms
   841                           
   842                           ;SC8F054_xl2400t.c: 324: RF_SPI_Write_Reg(0x20 + (0X00), 0x3e);
   843  043C  303E               	movlw	62
   844  043D  00CD               	movwf	RF_SPI_Write_Reg@W_Data
   845  043E  3020               	movlw	32
   846  043F  27B7               	fcall	_RF_SPI_Write_Reg
   847                           
   848                           ;SC8F054_xl2400t.c: 325: Delay_1ms();
   849  0440  27C6               	fcall	_Delay_1ms
   850                           
   851                           ;SC8F054_xl2400t.c: 327: unsigned char gRfBuffer[8] = {0};
   852  0441  3057               	movlw	XL2400T_Init@gRfBuffer& (0+255)
   853  0442  0084               	movwf	4
   854  0443  3008               	movlw	8
   855  0444  00FF               	movwf	127
   856  0445                     u1980:	
   857  0445  1383               	bcf	3,7	;select IRP bank0
   858  0446  0180               	clrf	0
   859  0447  0A84               	incf	4,f
   860  0448  0BFF               	decfsz	127,f
   861  0449  2C45               	goto	u1980
   862                           
   863                           ;SC8F054_xl2400t.c: 328: gRfBuffer[5] = ((gRfBuffer[5] & 0xff) | 0x6d);
   864  044A  085C               	movf	XL2400T_Init@gRfBuffer+5,w
   865  044B  386D               	iorlw	109
   866  044C  00DC               	movwf	XL2400T_Init@gRfBuffer+5
   867                           
   868                           ;SC8F054_xl2400t.c: 329: RF_Read_Buff((0X0F), gRfBuffer, 5);
   869  044D  3057               	movlw	(low (XL2400T_Init@gRfBuffer| 0))& (0+255)
   870  044E  00CD               	movwf	RF_Read_Buff@pBuff
   871  044F  3005               	movlw	5
   872  0450  00CE               	movwf	RF_Read_Buff@Len
   873  0451  300F               	movlw	15
   874  0452  26F2               	fcall	_RF_Read_Buff
   875                           
   876                           ;SC8F054_xl2400t.c: 330: Delay_ms(1);
   877  0453  3001               	movlw	1
   878  0454  2795               	fcall	_Delay_ms
   879                           
   880                           ;SC8F054_xl2400t.c: 331: gRfBuffer[0] = 0x44;
   881  0455  3044               	movlw	68
   882  0456  00D7               	movwf	XL2400T_Init@gRfBuffer
   883                           
   884                           ;SC8F054_xl2400t.c: 332: gRfBuffer[1] = 0x3E;
   885  0457  303E               	movlw	62
   886  0458  00D8               	movwf	XL2400T_Init@gRfBuffer+1
   887                           
   888                           ;SC8F054_xl2400t.c: 333: gRfBuffer[2] = 0x38;
   889  0459  3038               	movlw	56
   890  045A  00D9               	movwf	XL2400T_Init@gRfBuffer+2
   891                           
   892                           ;SC8F054_xl2400t.c: 334: gRfBuffer[3] = 0x32;
   893  045B  3032               	movlw	50
   894  045C  00DA               	movwf	XL2400T_Init@gRfBuffer+3
   895                           
   896                           ;SC8F054_xl2400t.c: 335: gRfBuffer[4] = 0x2A;
   897  045D  302A               	movlw	42
   898  045E  00DB               	movwf	XL2400T_Init@gRfBuffer+4
   899                           
   900                           ;SC8F054_xl2400t.c: 336: RF_Write_Buff(0x20 + (0X0F), gRfBuffer, 5);
   901  045F  3057               	movlw	(low (XL2400T_Init@gRfBuffer| 0))& (0+255)
   902  0460  00CD               	movwf	RF_Write_Buff@pBuff
   903  0461  3005               	movlw	5
   904  0462  00CE               	movwf	RF_Write_Buff@Len
   905  0463  302F               	movlw	47
   906  0464  26C8               	fcall	_RF_Write_Buff
   907                           
   908                           ;SC8F054_xl2400t.c: 337: Delay_1ms();
   909  0465  27C6               	fcall	_Delay_1ms
   910                           
   911                           ;SC8F054_xl2400t.c: 339: RF_SPI_Write_Reg(0x20 + (0X03), 0xAF);
   912  0466  30AF               	movlw	175
   913  0467  00CD               	movwf	RF_SPI_Write_Reg@W_Data
   914  0468  3023               	movlw	35
   915  0469  27B7               	fcall	_RF_SPI_Write_Reg
   916                           
   917                           ;SC8F054_xl2400t.c: 340: RF_Set_Address(RF_Test_Adrress);
   918  046A  30C2               	movlw	(low (_RF_Test_Adrress| 0))& (0+255)
   919  046B  277F               	fcall	_RF_Set_Address
   920                           
   921                           ;SC8F054_xl2400t.c: 341: RF_SPI_Write_Reg(0x20 + (0X06), 0x22);
   922  046C  3022               	movlw	34
   923  046D  00CD               	movwf	RF_SPI_Write_Reg@W_Data
   924  046E  3026               	movlw	38
   925  046F  27B7               	fcall	_RF_SPI_Write_Reg
   926  0470  3022               	movlw	34
   927                           
   928                           ;SC8F054_xl2400t.c: 342: RF_SPI_Write_Reg(0x20 + (0X02), 0x01);
   929  0471  01CD               	clrf	RF_SPI_Write_Reg@W_Data
   930  0472  0ACD               	incf	RF_SPI_Write_Reg@W_Data,f
   931  0473  27B7               	fcall	_RF_SPI_Write_Reg
   932                           
   933                           ;SC8F054_xl2400t.c: 343: RF_SPI_Write_Reg(0x20 + (0X11), 5);
   934  0474  3005               	movlw	5
   935  0475  00CD               	movwf	RF_SPI_Write_Reg@W_Data
   936  0476  3031               	movlw	49
   937  0477  27B7               	fcall	_RF_SPI_Write_Reg
   938  0478  3021               	movlw	33
   939                           
   940                           ;SC8F054_xl2400t.c: 344: RF_SPI_Write_Reg(0x20 + (0X01), 0x00);
   941  0479  01CD               	clrf	RF_SPI_Write_Reg@W_Data
   942  047A  27B7               	fcall	_RF_SPI_Write_Reg
   943  047B  303C               	movlw	60
   944                           
   945                           ;SC8F054_xl2400t.c: 345: RF_SPI_Write_Reg(0x20 + (0X1C), 0x00);
   946  047C  01CD               	clrf	RF_SPI_Write_Reg@W_Data
   947  047D  27B7               	fcall	_RF_SPI_Write_Reg
   948                           
   949                           ;SC8F054_xl2400t.c: 346: RF_SPI_Write_Reg(0x20 + (0X1D), 0x18);
   950  047E  3018               	movlw	24
   951  047F  00CD               	movwf	RF_SPI_Write_Reg@W_Data
   952  0480  303D               	movlw	61
   953  0481  27B7               	fcall	_RF_SPI_Write_Reg
   954                           
   955                           ;SC8F054_xl2400t.c: 347: RF_SPI_Write_Reg(0x20 + (0X04),0x33);
   956  0482  3033               	movlw	51
   957  0483  00CD               	movwf	RF_SPI_Write_Reg@W_Data
   958  0484  3024               	movlw	36
   959  0485  27B7               	fcall	_RF_SPI_Write_Reg
   960                           
   961                           ;SC8F054_xl2400t.c: 348: RF_Set_Power(12);
   962  0486  300C               	movlw	12
   963  0487  2F05               	ljmp	_RF_Set_Power
   964  0488                     __end_of_XL2400T_Init:	
   965                           
   966                           	psect	text2
   967  0705                     __ptext2:	
   968 ;; *************** function _RF_Set_Power *****************
   969 ;; Defined at:
   970 ;;		line 195 in file "D:\QW\QW-项目\QW-247\程序\手环-中微-程序-16通道-2.4G\QW-247_SC8F054_V1.0_16M2T_16Channel\SC8F054_x
      +l2400t.c"
   971 ;; Parameters:    Size  Location     Type
   972 ;;  Power           1    wreg     unsigned char 
   973 ;; Auto vars:     Size  Location     Type
   974 ;;  Power           1    8[BANK0 ] unsigned char 
   975 ;;  Power_Buff      3    9[BANK0 ] unsigned char [3]
   976 ;; Return value:  Size  Location     Type
   977 ;;                  1    wreg      void 
   978 ;; Registers used:
   979 ;;		wreg, fsr0l, fsr0h, status,2, status,0, pclath, cstack
   980 ;; Tracked objects:
   981 ;;		On entry : 100/0
   982 ;;		On exit  : 100/0
   983 ;;		Unchanged: 0/0
   984 ;; Data sizes:     COMMON   BANK0   BANK1
   985 ;;      Params:         0       0       0
   986 ;;      Locals:         0       4       0
   987 ;;      Temps:          0       0       0
   988 ;;      Totals:         0       4       0
   989 ;;Total ram usage:        4 bytes
   990 ;; Hardware stack levels used:    1
   991 ;; Hardware stack levels required when called:    4
   992 ;; This function calls:
   993 ;;		_RF_Read_Buff
   994 ;;		_RF_Write_Buff
   995 ;; This function is called by:
   996 ;;		_XL2400T_Init
   997 ;; This function uses a non-reentrant model
   998 ;;
   999                           
  1000                           
  1001                           ;psect for function _RF_Set_Power
  1002  0705                     _RF_Set_Power:	
  1003                           
  1004                           ;incstack = 0
  1005                           ; Regs used in _RF_Set_Power: [wreg-fsr0h+status,2+status,0+pclath+cstack]
  1006                           ;RF_Set_Power@Power stored from wreg
  1007  0705  00D3               	movwf	RF_Set_Power@Power
  1008  0706  3054               	movlw	(low (RF_Set_Power@Power_Buff| 0))& (0+255)
  1009                           
  1010                           ;SC8F054_xl2400t.c: 197: unsigned char Power_Buff[3]={0};
  1011  0707  01D4               	clrf	RF_Set_Power@Power_Buff
  1012  0708  01D5               	clrf	RF_Set_Power@Power_Buff+1
  1013  0709  01D6               	clrf	RF_Set_Power@Power_Buff+2
  1014                           
  1015                           ;SC8F054_xl2400t.c: 198: RF_Read_Buff((0X06), Power_Buff, 2);
  1016  070A  00CD               	movwf	RF_Read_Buff@pBuff
  1017  070B  3002               	movlw	2
  1018  070C  00CE               	movwf	RF_Read_Buff@Len
  1019  070D  3006               	movlw	6
  1020  070E  26F2               	fcall	_RF_Read_Buff
  1021                           
  1022                           ;SC8F054_xl2400t.c: 199: Power_Buff[1] = Power;
  1023  070F  0853               	movf	RF_Set_Power@Power,w
  1024  0710  00D5               	movwf	RF_Set_Power@Power_Buff+1
  1025                           
  1026                           ;SC8F054_xl2400t.c: 200: RF_Write_Buff(0x20 + (0X06), Power_Buff ,2);
  1027  0711  3054               	movlw	(low (RF_Set_Power@Power_Buff| 0))& (0+255)
  1028  0712  00CD               	movwf	RF_Write_Buff@pBuff
  1029  0713  3002               	movlw	2
  1030  0714  00CE               	movwf	RF_Write_Buff@Len
  1031  0715  3026               	movlw	38
  1032  0716  2EC8               	ljmp	_RF_Write_Buff
  1033  0717                     __end_of_RF_Set_Power:	
  1034                           
  1035                           	psect	text3
  1036  077F                     __ptext3:	
  1037 ;; *************** function _RF_Set_Address *****************
  1038 ;; Defined at:
  1039 ;;		line 175 in file "D:\QW\QW-项目\QW-247\程序\手环-中微-程序-16通道-2.4G\QW-247_SC8F054_V1.0_16M2T_16Channel\SC8F054_x
      +l2400t.c"
  1040 ;; Parameters:    Size  Location     Type
  1041 ;;  AddrBuff        1    wreg     PTR unsigned char 
  1042 ;;		 -> RF_Test_Adrress(5), 
  1043 ;; Auto vars:     Size  Location     Type
  1044 ;;  AddrBuff        1    8[BANK0 ] PTR unsigned char 
  1045 ;;		 -> RF_Test_Adrress(5), 
  1046 ;; Return value:  Size  Location     Type
  1047 ;;                  1    wreg      void 
  1048 ;; Registers used:
  1049 ;;		wreg, fsr0l, fsr0h, status,2, status,0, pclath, cstack
  1050 ;; Tracked objects:
  1051 ;;		On entry : 100/0
  1052 ;;		On exit  : 100/0
  1053 ;;		Unchanged: 0/0
  1054 ;; Data sizes:     COMMON   BANK0   BANK1
  1055 ;;      Params:         0       0       0
  1056 ;;      Locals:         0       1       0
  1057 ;;      Temps:          0       0       0
  1058 ;;      Totals:         0       1       0
  1059 ;;Total ram usage:        1 bytes
  1060 ;; Hardware stack levels used:    1
  1061 ;; Hardware stack levels required when called:    4
  1062 ;; This function calls:
  1063 ;;		_RF_Write_Buff
  1064 ;; This function is called by:
  1065 ;;		_XL2400T_Init
  1066 ;; This function uses a non-reentrant model
  1067 ;;
  1068                           
  1069                           
  1070                           ;psect for function _RF_Set_Address
  1071  077F                     _RF_Set_Address:	
  1072                           
  1073                           ;incstack = 0
  1074                           ; Regs used in _RF_Set_Address: [wreg-fsr0h+status,2+status,0+pclath+cstack]
  1075                           ;RF_Set_Address@AddrBuff stored from wreg
  1076  077F  00D3               	movwf	RF_Set_Address@AddrBuff
  1077                           
  1078                           ;SC8F054_xl2400t.c: 177: RF_Write_Buff(0x20 + (0X10), AddrBuff, 5);
  1079  0780  00CD               	movwf	RF_Write_Buff@pBuff
  1080  0781  3005               	movlw	5
  1081  0782  00CE               	movwf	RF_Write_Buff@Len
  1082  0783  3030               	movlw	48
  1083  0784  26C8               	fcall	_RF_Write_Buff
  1084                           
  1085                           ;SC8F054_xl2400t.c: 178: RF_Write_Buff(0x20 + (0X0A), AddrBuff, 5);
  1086  0785  0853               	movf	RF_Set_Address@AddrBuff,w
  1087  0786  00CD               	movwf	RF_Write_Buff@pBuff
  1088  0787  3005               	movlw	5
  1089  0788  00CE               	movwf	RF_Write_Buff@Len
  1090  0789  302A               	movlw	42
  1091  078A  2EC8               	ljmp	_RF_Write_Buff
  1092  078B                     __end_of_RF_Set_Address:	
  1093                           
  1094                           	psect	text4
  1095  07C6                     __ptext4:	
  1096 ;; *************** function _Delay_1ms *****************
  1097 ;; Defined at:
  1098 ;;		line 174 in file "D:\QW\QW-项目\QW-247\程序\手环-中微-程序-16通道-2.4G\QW-247_SC8F054_V1.0_16M2T_16Channel\SC8F054_i
      +nit.c"
  1099 ;; Parameters:    Size  Location     Type
  1100 ;;		None
  1101 ;; Auto vars:     Size  Location     Type
  1102 ;;		None
  1103 ;; Return value:  Size  Location     Type
  1104 ;;                  1    wreg      void 
  1105 ;; Registers used:
  1106 ;;		wreg, status,2, status,0, pclath, cstack
  1107 ;; Tracked objects:
  1108 ;;		On entry : 100/0
  1109 ;;		On exit  : 100/0
  1110 ;;		Unchanged: 0/0
  1111 ;; Data sizes:     COMMON   BANK0   BANK1
  1112 ;;      Params:         0       0       0
  1113 ;;      Locals:         0       0       0
  1114 ;;      Temps:          0       0       0
  1115 ;;      Totals:         0       0       0
  1116 ;;Total ram usage:        0 bytes
  1117 ;; Hardware stack levels used:    1
  1118 ;; Hardware stack levels required when called:    3
  1119 ;; This function calls:
  1120 ;;		_Delay_us
  1121 ;; This function is called by:
  1122 ;;		_XL2400T_Init
  1123 ;; This function uses a non-reentrant model
  1124 ;;
  1125                           
  1126                           
  1127                           ;psect for function _Delay_1ms
  1128  07C6                     _Delay_1ms:	
  1129                           
  1130                           ;SC8F054_init.c: 176: Delay_us(15);
  1131                           
  1132                           ;incstack = 0
  1133                           ; Regs used in _Delay_1ms: [wreg+status,2+status,0+pclath+cstack]
  1134  07C6  300F               	movlw	15
  1135  07C7  2F58               	ljmp	_Delay_us
  1136  07C8                     __end_of_Delay_1ms:	
  1137                           
  1138                           	psect	text5
  1139  02D2                     __ptext5:	
  1140 ;; *************** function _Sleep_Mode *****************
  1141 ;; Defined at:
  1142 ;;		line 69 in file "D:\QW\QW-项目\QW-247\程序\手环-中微-程序-16通道-2.4G\QW-247_SC8F054_V1.0_16M2T_16Channel\SC8F054_in
      +it.c"
  1143 ;; Parameters:    Size  Location     Type
  1144 ;;		None
  1145 ;; Auto vars:     Size  Location     Type
  1146 ;;		None
  1147 ;; Return value:  Size  Location     Type
  1148 ;;                  1    wreg      void 
  1149 ;; Registers used:
  1150 ;;		wreg, status,2, status,0, pclath, cstack
  1151 ;; Tracked objects:
  1152 ;;		On entry : 100/0
  1153 ;;		On exit  : 100/0
  1154 ;;		Unchanged: 0/0
  1155 ;; Data sizes:     COMMON   BANK0   BANK1
  1156 ;;      Params:         0       0       0
  1157 ;;      Locals:         0       0       0
  1158 ;;      Temps:          0       0       0
  1159 ;;      Totals:         0       0       0
  1160 ;;Total ram usage:        0 bytes
  1161 ;; Hardware stack levels used:    1
  1162 ;; Hardware stack levels required when called:    5
  1163 ;; This function calls:
  1164 ;;		_Init_System
  1165 ;;		_RF_CE_Low
  1166 ;;		_RF_SPI_Write_Reg
  1167 ;; This function is called by:
  1168 ;;		_main
  1169 ;; This function uses a non-reentrant model
  1170 ;;
  1171                           
  1172                           
  1173                           ;psect for function _Sleep_Mode
  1174  02D2                     _Sleep_Mode:	
  1175                           
  1176                           ;SC8F054_init.c: 71: if((sleep_control.sleep_count >= 2) && (sleep_control.sleep_count <
      +                          = 8))
  1177                           
  1178                           ;incstack = 0
  1179                           ; Regs used in _Sleep_Mode: [wreg+status,2+status,0+pclath+cstack]
  1180  02D2  3000               	movlw	0
  1181  02D3  0279               	subwf	_sleep_control+2,w
  1182  02D4  3002               	movlw	2
  1183  02D5  1903               	skipnz
  1184  02D6  0278               	subwf	_sleep_control+1,w
  1185  02D7  1C03               	skipc
  1186  02D8  2AE9               	goto	l6459
  1187  02D9  3000               	movlw	0
  1188  02DA  0279               	subwf	_sleep_control+2,w
  1189  02DB  3009               	movlw	9
  1190  02DC  1903               	skipnz
  1191  02DD  0278               	subwf	_sleep_control+1,w
  1192  02DE  1803               	skipnc
  1193  02DF  2AE9               	goto	l6459
  1194                           
  1195                           ;SC8F054_init.c: 72: {
  1196                           ;SC8F054_init.c: 73: if((soft_data[0] == 0) || (sleep_control.recieve_sleep_flag == 0))
  1197  02E0  1683               	bsf	3,5	;RP0=1, select bank1
  1198  02E1  0820               	movf	_soft_data^(0+128),w
  1199  02E2  1903               	btfsc	3,2
  1200  02E3  2AE6               	goto	l1753
  1201  02E4  18F7               	btfsc	_sleep_control,1
  1202  02E5  2AE9               	goto	l6459
  1203  02E6                     l1753:	
  1204                           
  1205                           ;SC8F054_init.c: 74: {
  1206                           ;SC8F054_init.c: 75: sleep_control.sleep_flag = 1;
  1207  02E6  1477               	bsf	_sleep_control,0
  1208                           
  1209                           ;SC8F054_init.c: 76: sleep_control.sleep_count = 0;
  1210  02E7  01F8               	clrf	_sleep_control+1
  1211  02E8  01F9               	clrf	_sleep_control+2
  1212  02E9                     l6459:	
  1213                           
  1214                           ;SC8F054_init.c: 77: }
  1215                           ;SC8F054_init.c: 78: }
  1216                           ;SC8F054_init.c: 80: if(sleep_control.sleep_count >= 18000)
  1217  02E9  3046               	movlw	70
  1218  02EA  0279               	subwf	_sleep_control+2,w
  1219  02EB  3050               	movlw	80
  1220  02EC  1903               	skipnz
  1221  02ED  0278               	subwf	_sleep_control+1,w
  1222  02EE  1C03               	skipc
  1223  02EF  2AF5               	goto	l6467
  1224                           
  1225                           ;SC8F054_init.c: 81: {
  1226                           ;SC8F054_init.c: 82: sleep_control.sleep_count = 0;
  1227  02F0  01F8               	clrf	_sleep_control+1
  1228  02F1  01F9               	clrf	_sleep_control+2
  1229                           
  1230                           ;SC8F054_init.c: 83: sleep_control.sleep_flag = 1;
  1231  02F2  1477               	bsf	_sleep_control,0
  1232                           
  1233                           ;SC8F054_init.c: 84: soft_recieve_control.recieve_bit = 0;
  1234  02F3  1283               	bcf	3,5	;RP0=0, select bank0
  1235  02F4  10B6               	bcf	_soft_recieve_control,1
  1236  02F5                     l6467:	
  1237                           
  1238                           ;SC8F054_init.c: 85: }
  1239                           ;SC8F054_init.c: 86: if(sleep_control.sleep_flag == 1)
  1240  02F5  1C77               	btfss	_sleep_control,0
  1241  02F6  2B43               	goto	l6521
  1242                           
  1243                           ;SC8F054_init.c: 87: {
  1244                           ;SC8F054_init.c: 88: sleep_control.recieve_sleep_flag = 0;
  1245  02F7  10F7               	bcf	_sleep_control,1
  1246                           
  1247                           ;SC8F054_init.c: 89: soft_recieve_control.start_flag = 0;
  1248  02F8  1283               	bcf	3,5	;RP0=0, select bank0
  1249  02F9  01B8               	clrf	_soft_recieve_control+2
  1250                           
  1251                           ;SC8F054_init.c: 90: soft_recieve_control.data_length_count = 0;
  1252  02FA  01BC               	clrf	_soft_recieve_control+6
  1253                           
  1254                           ;SC8F054_init.c: 91: soft_recieve_control.data_bit_count = 0;
  1255  02FB  01BB               	clrf	_soft_recieve_control+5
  1256                           
  1257                           ;SC8F054_init.c: 92: sleep_control.sleep_count = 0;
  1258  02FC  01F8               	clrf	_sleep_control+1
  1259  02FD  01F9               	clrf	_sleep_control+2
  1260                           
  1261                           ;SC8F054_init.c: 93: led_control.red_duty = 0;
  1262  02FE  01A1               	clrf	_led_control+1
  1263                           
  1264                           ;SC8F054_init.c: 94: led_control.green_duty = 0;
  1265  02FF  01A2               	clrf	_led_control+2
  1266                           
  1267                           ;SC8F054_init.c: 95: led_control.blue_duty = 0;
  1268  0300  01A3               	clrf	_led_control+3
  1269                           
  1270                           ;SC8F054_init.c: 96: TRISB = 0B00000000;
  1271  0301  0185               	clrf	5	;volatile
  1272                           
  1273                           ;SC8F054_init.c: 97: RF_CE_Low();
  1274  0302  27BE               	fcall	_RF_CE_Low
  1275                           
  1276                           ;SC8F054_init.c: 98: RF_SPI_Write_Reg(0x20 + (0X00), 0xe0);
  1277  0303  30E0               	movlw	224
  1278  0304  00CD               	movwf	RF_SPI_Write_Reg@W_Data
  1279  0305  3020               	movlw	32
  1280  0306  27B7               	fcall	_RF_SPI_Write_Reg
  1281                           
  1282                           ;SC8F054_init.c: 99: PWMTL = 0;
  1283  0307  0197               	clrf	23	;volatile
  1284                           
  1285                           ;SC8F054_init.c: 100: PWMTH = 0;
  1286  0308  0198               	clrf	24	;volatile
  1287                           
  1288                           ;SC8F054_init.c: 101: PWMCON0 = 0;
  1289  0309  0195               	clrf	21	;volatile
  1290                           
  1291                           ;SC8F054_init.c: 102: TMR2IE = 0;
  1292  030A  108E               	bcf	14,1	;volatile
  1293                           
  1294                           ;SC8F054_init.c: 103: INTCON = 0;
  1295  030B  018B               	clrf	11	;volatile
  1296                           
  1297                           ;SC8F054_init.c: 104: T2CON = 0;
  1298  030C  0193               	clrf	19	;volatile
  1299                           
  1300                           ;SC8F054_init.c: 105: OPTION_REG = 0;
  1301  030D  0181               	clrf	1	;volatile
  1302                           
  1303                           ;SC8F054_init.c: 106: TRISA = 0B00000000;
  1304  030E  1683               	bsf	3,5	;RP0=1, select bank1
  1305  030F  0185               	clrf	5	;volatile
  1306                           
  1307                           ;SC8F054_init.c: 107: WPUA = 0B00000000;
  1308  0310  0188               	clrf	8	;volatile
  1309                           
  1310                           ;SC8F054_init.c: 108: TRISB = 0B00000001;
  1311  0311  3001               	movlw	1
  1312  0312  1283               	bcf	3,5	;RP0=0, select bank0
  1313  0313  0085               	movwf	5	;volatile
  1314                           
  1315                           ;SC8F054_init.c: 109: PORTB = 0B00001110;
  1316  0314  300E               	movlw	14
  1317  0315  0086               	movwf	6	;volatile
  1318                           
  1319                           ;SC8F054_init.c: 110: WPUB = 0B00000000;
  1320  0316  0188               	clrf	8	;volatile
  1321                           
  1322                           ;SC8F054_init.c: 111: PWMCON0 = 0;
  1323  0317  0195               	clrf	21	;volatile
  1324  0318                     l1756:	
  1325                           ;SC8F054_init.c: 112: while(RB0);
  1326                           
  1327  0318  1806               	btfsc	6,0	;volatile
  1328  0319  2B18               	goto	l1756
  1329                           
  1330                           ;SC8F054_init.c: 113: OPTION_REG = 0x0F;
  1331  031A  300F               	movlw	15
  1332  031B  0081               	movwf	1	;volatile
  1333                           
  1334                           ;SC8F054_init.c: 114: OSCCON = 0X72;
  1335  031C  3072               	movlw	114
  1336  031D  0094               	movwf	20	;volatile
  1337                           
  1338                           ;SC8F054_init.c: 115: IOCB = 0B00000001;
  1339  031E  3001               	movlw	1
  1340  031F  0089               	movwf	9	;volatile
  1341                           
  1342                           ;SC8F054_init.c: 116: GIE = 0;
  1343  0320  138B               	bcf	11,7	;volatile
  1344                           
  1345                           ;SC8F054_init.c: 117: PIE1 = 0;
  1346  0321  018E               	clrf	14	;volatile
  1347                           
  1348                           ;SC8F054_init.c: 118: PIR1 = 0;
  1349  0322  018D               	clrf	13	;volatile
  1350                           
  1351                           ;SC8F054_init.c: 119: RBIE = 1;
  1352  0323  158B               	bsf	11,3	;volatile
  1353                           
  1354                           ;SC8F054_init.c: 120: INTCON &= 0xC8;
  1355  0324  30C8               	movlw	200
  1356  0325  058B               	andwf	11,f	;volatile
  1357                           
  1358                           ;SC8F054_init.c: 121: PORTB;
  1359  0326  0806               	movf	6,w	;volatile
  1360                           
  1361                           ;SC8F054_init.c: 122: RBIF = 0;
  1362  0327  100B               	bcf	11,0	;volatile
  1363  0328  0064               	clrwdt	;# 
  1364  0329  0000               	nop	;# 
  1365  032A  0064               	clrwdt	;# 
  1366  032B  0063               	sleep	;# 
  1367  032C  0064               	clrwdt	;# 
  1368  032D                     l1759:	
  1369                           ;SC8F054_init.c: 128: while(RB0);
  1370                           
  1371  032D  1283               	bcf	3,5	;RP0=0, select bank0
  1372  032E  1806               	btfsc	6,0	;volatile
  1373  032F  2B2D               	goto	l1759
  1374                           
  1375                           ;SC8F054_init.c: 129: if(RBIF)
  1376  0330  1C0B               	btfss	11,0	;volatile
  1377  0331  2B3C               	goto	l6513
  1378  0332  300F               	movlw	15
  1379                           
  1380                           ;SC8F054_init.c: 130: {
  1381                           ;SC8F054_init.c: 131: sleep_control.recieve_sleep_flag = 1;
  1382  0333  14F7               	bsf	_sleep_control,1
  1383                           
  1384                           ;SC8F054_init.c: 132: sleep_control.sleep_count = 15;
  1385  0334  00F8               	movwf	_sleep_control+1
  1386  0335  01F9               	clrf	_sleep_control+2
  1387                           
  1388                           ;SC8F054_init.c: 133: key_control.key_hx_flag_pb = 1;
  1389  0336  16E9               	bsf	_key_control,5
  1390                           
  1391                           ;SC8F054_init.c: 134: OPTION_REG = 0x00;
  1392  0337  0181               	clrf	1	;volatile
  1393                           
  1394                           ;SC8F054_init.c: 135: OSCCON = 0x70;
  1395  0338  3070               	movlw	112
  1396  0339  0094               	movwf	20	;volatile
  1397                           
  1398                           ;SC8F054_init.c: 136: RBIE = 0;
  1399  033A  118B               	bcf	11,3	;volatile
  1400                           
  1401                           ;SC8F054_init.c: 137: RBIF = 0;
  1402  033B  100B               	bcf	11,0	;volatile
  1403  033C                     l6513:	
  1404                           
  1405                           ;SC8F054_init.c: 138: }
  1406                           ;SC8F054_init.c: 139: PORTB = 0B00111110;
  1407  033C  303E               	movlw	62
  1408  033D  0086               	movwf	6	;volatile
  1409                           
  1410                           ;SC8F054_init.c: 140: OPTION_REG = 0x00;
  1411  033E  0181               	clrf	1	;volatile
  1412                           
  1413                           ;SC8F054_init.c: 141: OSCCON = 0x70;
  1414  033F  3070               	movlw	112
  1415  0340  0094               	movwf	20	;volatile
  1416                           
  1417                           ;SC8F054_init.c: 142: Init_System();
  1418  0341  25AA               	fcall	_Init_System
  1419                           
  1420                           ;SC8F054_init.c: 143: sleep_control.sleep_flag = 0;
  1421  0342  1077               	bcf	_sleep_control,0
  1422  0343                     l6521:	
  1423                           
  1424                           ;SC8F054_init.c: 144: }
  1425                           ;SC8F054_init.c: 146: if(key_control.key_hx_flag_pb == 1)
  1426  0343  1283               	bcf	3,5	;RP0=0, select bank0
  1427  0344  1EE9               	btfss	_key_control,5
  1428  0345  0008               	return
  1429  0346  3002               	movlw	2
  1430                           
  1431                           ;SC8F054_init.c: 147: {
  1432                           ;SC8F054_init.c: 148: led_control.led_color = 1;
  1433  0347  01A7               	clrf	_led_control+7
  1434  0348  0AA7               	incf	_led_control+7,f
  1435                           
  1436                           ;SC8F054_init.c: 149: led_control.led_mode = 2;
  1437  0349  00A8               	movwf	_led_control+8
  1438                           
  1439                           ;SC8F054_init.c: 150: key_control.key_hx_flag_pb = 0;
  1440  034A  12E9               	bcf	_key_control,5
  1441  034B  0008               	return
  1442  034C                     __end_of_Sleep_Mode:	
  1443                           
  1444                           	psect	text6
  1445  05AA                     __ptext6:	
  1446 ;; *************** function _Init_System *****************
  1447 ;; Defined at:
  1448 ;;		line 12 in file "D:\QW\QW-项目\QW-247\程序\手环-中微-程序-16通道-2.4G\QW-247_SC8F054_V1.0_16M2T_16Channel\SC8F054_in
      +it.c"
  1449 ;; Parameters:    Size  Location     Type
  1450 ;;		None
  1451 ;; Auto vars:     Size  Location     Type
  1452 ;;		None
  1453 ;; Return value:  Size  Location     Type
  1454 ;;                  1    wreg      void 
  1455 ;; Registers used:
  1456 ;;		wreg, status,2
  1457 ;; Tracked objects:
  1458 ;;		On entry : 100/0
  1459 ;;		On exit  : 100/0
  1460 ;;		Unchanged: 0/0
  1461 ;; Data sizes:     COMMON   BANK0   BANK1
  1462 ;;      Params:         0       0       0
  1463 ;;      Locals:         0       0       0
  1464 ;;      Temps:          0       0       0
  1465 ;;      Totals:         0       0       0
  1466 ;;Total ram usage:        0 bytes
  1467 ;; Hardware stack levels used:    1
  1468 ;; Hardware stack levels required when called:    2
  1469 ;; This function calls:
  1470 ;;		Nothing
  1471 ;; This function is called by:
  1472 ;;		_main
  1473 ;;		_Sleep_Mode
  1474 ;; This function uses a non-reentrant model
  1475 ;;
  1476                           
  1477                           
  1478                           ;psect for function _Init_System
  1479  05AA                     _Init_System:	
  1480                           
  1481                           ;incstack = 0
  1482                           ; Regs used in _Init_System: [wreg+status,2]
  1483  05AA  0000               	nop	;# 
  1484                           
  1485                           ;SC8F054_init.c: 15: OSCCON = 0x70;
  1486  05AB  3070               	movlw	112
  1487  05AC  1283               	bcf	3,5	;RP0=0, select bank0
  1488  05AD  0094               	movwf	20	;volatile
  1489                           
  1490                           ;SC8F054_init.c: 16: OPTION_REG = 0x00;
  1491  05AE  0181               	clrf	1	;volatile
  1492                           
  1493                           ;SC8F054_init.c: 18: WPUA = 0B00000000;
  1494  05AF  1683               	bsf	3,5	;RP0=1, select bank1
  1495  05B0  0188               	clrf	8	;volatile
  1496                           
  1497                           ;SC8F054_init.c: 19: WPDA = 0B00000000;
  1498  05B1  0187               	clrf	7	;volatile
  1499                           
  1500                           ;SC8F054_init.c: 20: ODCONA = 0B00000000;
  1501  05B2  018C               	clrf	12	;volatile
  1502                           
  1503                           ;SC8F054_init.c: 21: IOCA = 0B00000000;
  1504  05B3  0189               	clrf	9	;volatile
  1505                           
  1506                           ;SC8F054_init.c: 22: TRISA = 0B00000000;
  1507  05B4  0185               	clrf	5	;volatile
  1508                           
  1509                           ;SC8F054_init.c: 24: WPUB = 0B00000000;
  1510  05B5  1283               	bcf	3,5	;RP0=0, select bank0
  1511  05B6  0188               	clrf	8	;volatile
  1512                           
  1513                           ;SC8F054_init.c: 25: WPDB = 0B00000001;
  1514  05B7  3001               	movlw	1
  1515  05B8  0087               	movwf	7	;volatile
  1516                           
  1517                           ;SC8F054_init.c: 26: ODCONB = 0B00000000;
  1518  05B9  018C               	clrf	12	;volatile
  1519                           
  1520                           ;SC8F054_init.c: 27: IOCB = 0B00000000;
  1521  05BA  0189               	clrf	9	;volatile
  1522                           
  1523                           ;SC8F054_init.c: 28: TRISB = 0B00000001;
  1524  05BB  0085               	movwf	5	;volatile
  1525                           
  1526                           ;SC8F054_init.c: 29: PORTB = 0B00001110;
  1527  05BC  300E               	movlw	14
  1528  05BD  0086               	movwf	6	;volatile
  1529                           
  1530                           ;SC8F054_init.c: 31: PR2 = 198;
  1531  05BE  30C6               	movlw	198
  1532  05BF  0091               	movwf	17	;volatile
  1533                           
  1534                           ;SC8F054_init.c: 32: TMR2IF = 0;
  1535  05C0  108D               	bcf	13,1	;volatile
  1536                           
  1537                           ;SC8F054_init.c: 33: TMR2IE = 1;
  1538  05C1  148E               	bsf	14,1	;volatile
  1539                           
  1540                           ;SC8F054_init.c: 34: T2CON = 0B00000100;
  1541  05C2  3004               	movlw	4
  1542  05C3  0093               	movwf	19	;volatile
  1543                           
  1544                           ;SC8F054_init.c: 38: PWMCON0 = 0;
  1545  05C4  0195               	clrf	21	;volatile
  1546                           
  1547                           ;SC8F054_init.c: 39: PWMCON1 = 0B00000000;
  1548  05C5  0196               	clrf	22	;volatile
  1549                           
  1550                           ;SC8F054_init.c: 40: PWMCON2 = 0B0010110;
  1551  05C6  3016               	movlw	22
  1552  05C7  009D               	movwf	29	;volatile
  1553                           
  1554                           ;SC8F054_init.c: 41: PWMTL = 0xE7;
  1555  05C8  30E7               	movlw	231
  1556  05C9  0097               	movwf	23	;volatile
  1557                           
  1558                           ;SC8F054_init.c: 44: PWMTH = 0x0F;
  1559  05CA  300F               	movlw	15
  1560  05CB  0098               	movwf	24	;volatile
  1561                           
  1562                           ;SC8F054_init.c: 45: PWMT4L = 0xE7;
  1563  05CC  30E7               	movlw	231
  1564  05CD  009C               	movwf	28	;volatile
  1565                           
  1566                           ;SC8F054_init.c: 48: PWMD23H = 0x30;
  1567  05CE  3030               	movlw	48
  1568  05CF  1683               	bsf	3,5	;RP0=1, select bank1
  1569  05D0  009E               	movwf	30	;volatile
  1570                           
  1571                           ;SC8F054_init.c: 49: PWMD2L = 0;
  1572  05D1  019B               	clrf	27	;volatile
  1573                           
  1574                           ;SC8F054_init.c: 52: PWMD01H = 0x03;
  1575  05D2  3003               	movlw	3
  1576  05D3  1283               	bcf	3,5	;RP0=0, select bank0
  1577  05D4  009E               	movwf	30	;volatile
  1578                           
  1579                           ;SC8F054_init.c: 53: PWMD1L = 0;
  1580  05D5  019A               	clrf	26	;volatile
  1581                           
  1582                           ;SC8F054_init.c: 55: PWMTH = 0x0F;
  1583  05D6  300F               	movlw	15
  1584  05D7  0098               	movwf	24	;volatile
  1585                           
  1586                           ;SC8F054_init.c: 56: PWMD4L = 0;
  1587  05D8  019B               	clrf	27	;volatile
  1588                           
  1589                           ;SC8F054_init.c: 59: INTCON = 0XC0;
  1590  05D9  30C0               	movlw	192
  1591  05DA  008B               	movwf	11	;volatile
  1592  05DB  0008               	return
  1593  05DC                     __end_of_Init_System:	
  1594                           
  1595                           	psect	text7
  1596  078B                     __ptext7:	
  1597 ;; *************** function _Rand_num *****************
  1598 ;; Defined at:
  1599 ;;		line 31 in file "D:\QW\QW-项目\QW-247\程序\手环-中微-程序-16通道-2.4G\QW-247_SC8F054_V1.0_16M2T_16Channel\SC8F054_ma
      +in.c"
  1600 ;; Parameters:    Size  Location     Type
  1601 ;;		None
  1602 ;; Auto vars:     Size  Location     Type
  1603 ;;		None
  1604 ;; Return value:  Size  Location     Type
  1605 ;;                  1    wreg      void 
  1606 ;; Registers used:
  1607 ;;		wreg, status,2, status,0, pclath, cstack
  1608 ;; Tracked objects:
  1609 ;;		On entry : 100/0
  1610 ;;		On exit  : 100/0
  1611 ;;		Unchanged: 0/0
  1612 ;; Data sizes:     COMMON   BANK0   BANK1
  1613 ;;      Params:         0       0       0
  1614 ;;      Locals:         0       0       0
  1615 ;;      Temps:          0       0       0
  1616 ;;      Totals:         0       0       0
  1617 ;;Total ram usage:        0 bytes
  1618 ;; Hardware stack levels used:    1
  1619 ;; Hardware stack levels required when called:    4
  1620 ;; This function calls:
  1621 ;;		_rand
  1622 ;; This function is called by:
  1623 ;;		_main
  1624 ;; This function uses a non-reentrant model
  1625 ;;
  1626                           
  1627                           
  1628                           ;psect for function _Rand_num
  1629  078B                     _Rand_num:	
  1630                           
  1631                           ;SC8F054_main.c: 33: if((soft_recieve_control.rand_flag == 0) && (soft_recieve_control.r
      +                          andnum_flag == 1))
  1632                           
  1633                           ;incstack = 0
  1634                           ; Regs used in _Rand_num: [wreg+status,2+status,0+pclath+cstack]
  1635  078B  1DB6               	btfss	_soft_recieve_control,3
  1636  078C  1EB6               	btfss	_soft_recieve_control,5
  1637  078D  0008               	return
  1638                           
  1639                           ;SC8F054_main.c: 34: {
  1640                           ;SC8F054_main.c: 35: soft_recieve_control.rand_num = (rand() % 8) + 1;
  1641  078E  25DC               	fcall	_rand
  1642  078F  0857               	movf	?_rand,w
  1643  0790  3907               	andlw	7
  1644  0791  3E01               	addlw	1
  1645  0792  00C3               	movwf	_soft_recieve_control+13
  1646                           
  1647                           ;SC8F054_main.c: 36: soft_recieve_control.rand_flag = 1;
  1648  0793  15B6               	bsf	_soft_recieve_control,3
  1649  0794  0008               	return
  1650  0795                     __end_of_Rand_num:	
  1651                           
  1652                           	psect	text8
  1653  05DC                     __ptext8:	
  1654 ;; *************** function _rand *****************
  1655 ;; Defined at:
  1656 ;;		line 12 in file "D:\QW\QW-中微\SC8F054_DK\IDE\SCMCU_IDE_V2.00.17_Beta3\data\sources\common\rand.c"
  1657 ;; Parameters:    Size  Location     Type
  1658 ;;		None
  1659 ;; Auto vars:     Size  Location     Type
  1660 ;;		None
  1661 ;; Return value:  Size  Location     Type
  1662 ;;                  2   12[BANK0 ] int 
  1663 ;; Registers used:
  1664 ;;		wreg, status,2, status,0, pclath, cstack
  1665 ;; Tracked objects:
  1666 ;;		On entry : 100/0
  1667 ;;		On exit  : 100/0
  1668 ;;		Unchanged: 0/0
  1669 ;; Data sizes:     COMMON   BANK0   BANK1
  1670 ;;      Params:         0       2       0
  1671 ;;      Locals:         0       0       0
  1672 ;;      Temps:          0       0       0
  1673 ;;      Totals:         0       2       0
  1674 ;;Total ram usage:        2 bytes
  1675 ;; Hardware stack levels used:    1
  1676 ;; Hardware stack levels required when called:    3
  1677 ;; This function calls:
  1678 ;;		___lmul
  1679 ;; This function is called by:
  1680 ;;		_Rand_num
  1681 ;; This function uses a non-reentrant model
  1682 ;;
  1683                           
  1684                           
  1685                           ;psect for function _rand
  1686  05DC                     _rand:	
  1687                           
  1688                           ;incstack = 0
  1689                           ; Regs used in _rand: [wreg+status,2+status,0+pclath+cstack]
  1690  05DC  3041               	movlw	65
  1691  05DD  00CE               	movwf	___lmul@multiplier+3
  1692  05DE  30C6               	movlw	198
  1693  05DF  00CD               	movwf	___lmul@multiplier+2
  1694  05E0  304E               	movlw	78
  1695  05E1  00CC               	movwf	___lmul@multiplier+1
  1696  05E2  306D               	movlw	109
  1697  05E3  00CB               	movwf	___lmul@multiplier
  1698  05E4  084A               	movf	_randx+3,w
  1699  05E5  00D2               	movwf	___lmul@multiplicand+3
  1700  05E6  0849               	movf	_randx+2,w
  1701  05E7  00D1               	movwf	___lmul@multiplicand+2
  1702  05E8  0848               	movf	_randx+1,w
  1703  05E9  00D0               	movwf	___lmul@multiplicand+1
  1704  05EA  0847               	movf	_randx,w
  1705  05EB  00CF               	movwf	___lmul@multiplicand
  1706  05EC  2577               	fcall	___lmul
  1707  05ED  084E               	movf	?___lmul+3,w
  1708  05EE  00CA               	movwf	_randx+3
  1709  05EF  084D               	movf	?___lmul+2,w
  1710  05F0  00C9               	movwf	_randx+2
  1711  05F1  084C               	movf	?___lmul+1,w
  1712  05F2  00C8               	movwf	_randx+1
  1713  05F3  084B               	movf	?___lmul,w
  1714  05F4  00C7               	movwf	_randx
  1715  05F5  3039               	movlw	57
  1716  05F6  07C7               	addwf	_randx,f
  1717  05F7  3030               	movlw	48
  1718  05F8  1803               	skipnc
  1719  05F9  3031               	movlw	49
  1720  05FA  07C8               	addwf	_randx+1,f
  1721  05FB  3000               	movlw	0
  1722  05FC  1803               	skipnc
  1723  05FD  3001               	movlw	1
  1724  05FE  07C9               	addwf	_randx+2,f
  1725  05FF  3000               	movlw	0
  1726  0600  1803               	skipnc
  1727  0601  3001               	movlw	1
  1728  0602  07CA               	addwf	_randx+3,f
  1729  0603  084A               	movf	_randx+3,w
  1730  0604  00D8               	movwf	?_rand+1
  1731  0605  0849               	movf	_randx+2,w
  1732  0606  00D7               	movwf	?_rand
  1733  0607  13D8               	bcf	?_rand+1,7
  1734  0608  0008               	return
  1735  0609                     __end_of_rand:	
  1736                           
  1737                           	psect	text9
  1738  065C                     __ptext9:	
  1739 ;; *************** function _RF_Rx_Mode *****************
  1740 ;; Defined at:
  1741 ;;		line 221 in file "D:\QW\QW-项目\QW-247\程序\手环-中微-程序-16通道-2.4G\QW-247_SC8F054_V1.0_16M2T_16Channel\SC8F054_x
      +l2400t.c"
  1742 ;; Parameters:    Size  Location     Type
  1743 ;;		None
  1744 ;; Auto vars:     Size  Location     Type
  1745 ;;  Mode_Buff       3    8[BANK0 ] unsigned char [3]
  1746 ;; Return value:  Size  Location     Type
  1747 ;;                  1    wreg      void 
  1748 ;; Registers used:
  1749 ;;		wreg, fsr0l, fsr0h, status,2, status,0, pclath, cstack
  1750 ;; Tracked objects:
  1751 ;;		On entry : 100/0
  1752 ;;		On exit  : 100/0
  1753 ;;		Unchanged: 0/0
  1754 ;; Data sizes:     COMMON   BANK0   BANK1
  1755 ;;      Params:         0       0       0
  1756 ;;      Locals:         0       3       0
  1757 ;;      Temps:          0       0       0
  1758 ;;      Totals:         0       3       0
  1759 ;;Total ram usage:        3 bytes
  1760 ;; Hardware stack levels used:    1
  1761 ;; Hardware stack levels required when called:    5
  1762 ;; This function calls:
  1763 ;;		_Delay_ms
  1764 ;;		_RF_CE_High
  1765 ;;		_RF_Read_Buff
  1766 ;;		_RF_Refresh_State
  1767 ;;		_RF_Set_Chn
  1768 ;;		_RF_Write_Buff
  1769 ;; This function is called by:
  1770 ;;		_main
  1771 ;; This function uses a non-reentrant model
  1772 ;;
  1773                           
  1774                           
  1775                           ;psect for function _RF_Rx_Mode
  1776  065C                     _RF_Rx_Mode:	
  1777  065C  30EE               	movlw	238
  1778                           
  1779                           ;SC8F054_xl2400t.c: 223: unsigned char Mode_Buff[3] = {0};
  1780                           
  1781                           ;incstack = 0
  1782                           ; Regs used in _RF_Rx_Mode: [wreg-fsr0h+status,2+status,0+pclath+cstack]
  1783  065D  01D3               	clrf	RF_Rx_Mode@Mode_Buff
  1784  065E  01D4               	clrf	RF_Rx_Mode@Mode_Buff+1
  1785  065F  01D5               	clrf	RF_Rx_Mode@Mode_Buff+2
  1786                           
  1787                           ;SC8F054_xl2400t.c: 224: Mode_Buff[0] = 0xee;
  1788  0660  00D3               	movwf	RF_Rx_Mode@Mode_Buff
  1789                           
  1790                           ;SC8F054_xl2400t.c: 225: Mode_Buff[1] = 0xc0;
  1791  0661  30C0               	movlw	192
  1792  0662  00D4               	movwf	RF_Rx_Mode@Mode_Buff+1
  1793                           
  1794                           ;SC8F054_xl2400t.c: 226: RF_Write_Buff(0x20 + (0X00), Mode_Buff, 2);
  1795  0663  3053               	movlw	(low (RF_Rx_Mode@Mode_Buff| 0))& (0+255)
  1796  0664  00CD               	movwf	RF_Write_Buff@pBuff
  1797  0665  3002               	movlw	2
  1798  0666  00CE               	movwf	RF_Write_Buff@Len
  1799  0667  3020               	movlw	32
  1800  0668  26C8               	fcall	_RF_Write_Buff
  1801                           
  1802                           ;SC8F054_xl2400t.c: 227: RF_Read_Buff((0X00), Mode_Buff, 3);
  1803  0669  3053               	movlw	(low (RF_Rx_Mode@Mode_Buff| 0))& (0+255)
  1804  066A  00CD               	movwf	RF_Read_Buff@pBuff
  1805  066B  3003               	movlw	3
  1806  066C  00CE               	movwf	RF_Read_Buff@Len
  1807  066D  3000               	movlw	0
  1808  066E  26F2               	fcall	_RF_Read_Buff
  1809                           
  1810                           ;SC8F054_xl2400t.c: 228: RF_Refresh_State();
  1811  066F  2765               	fcall	_RF_Refresh_State
  1812                           
  1813                           ;SC8F054_xl2400t.c: 229: RF_CE_High();
  1814  0670  27C2               	fcall	_RF_CE_High
  1815                           
  1816                           ;SC8F054_xl2400t.c: 230: RF_Read_Buff((0X00), Mode_Buff, 3);
  1817  0671  3053               	movlw	(low (RF_Rx_Mode@Mode_Buff| 0))& (0+255)
  1818  0672  00CD               	movwf	RF_Read_Buff@pBuff
  1819  0673  3003               	movlw	3
  1820  0674  00CE               	movwf	RF_Read_Buff@Len
  1821  0675  3000               	movlw	0
  1822  0676  26F2               	fcall	_RF_Read_Buff
  1823                           
  1824                           ;SC8F054_xl2400t.c: 231: Delay_ms(10);
  1825  0677  300A               	movlw	10
  1826  0678  2795               	fcall	_Delay_ms
  1827                           
  1828                           ;SC8F054_xl2400t.c: 232: RF_Set_Chn(76-1);
  1829  0679  304B               	movlw	75
  1830  067A  2E96               	ljmp	_RF_Set_Chn
  1831  067B                     __end_of_RF_Rx_Mode:	
  1832                           
  1833                           	psect	text10
  1834  06C8                     __ptext10:	
  1835 ;; *************** function _RF_Write_Buff *****************
  1836 ;; Defined at:
  1837 ;;		line 94 in file "D:\QW\QW-项目\QW-247\程序\手环-中微-程序-16通道-2.4G\QW-247_SC8F054_V1.0_16M2T_16Channel\SC8F054_xl
      +2400t.c"
  1838 ;; Parameters:    Size  Location     Type
  1839 ;;  RF_Reg          1    wreg     unsigned char 
  1840 ;;  pBuff           1    2[BANK0 ] PTR unsigned char 
  1841 ;;		 -> RF_Test_Adrress(5), XL2400T_Init@gRfBuffer(8), RF_Rx_Mode@Mode_Buff(3), RF_Tx_Mode@Mode_Buff(3), 
  1842 ;;		 -> RF_Set_Power@Power_Buff(3), 
  1843 ;;  Len             1    3[BANK0 ] unsigned char 
  1844 ;; Auto vars:     Size  Location     Type
  1845 ;;  RF_Reg          1    5[BANK0 ] unsigned char 
  1846 ;;  i               1    7[BANK0 ] unsigned char 
  1847 ;;  rTemp           1    6[BANK0 ] unsigned char 
  1848 ;; Return value:  Size  Location     Type
  1849 ;;                  1    wreg      void 
  1850 ;; Registers used:
  1851 ;;		wreg, fsr0l, fsr0h, status,2, status,0, pclath, cstack
  1852 ;; Tracked objects:
  1853 ;;		On entry : 100/0
  1854 ;;		On exit  : 100/0
  1855 ;;		Unchanged: 0/0
  1856 ;; Data sizes:     COMMON   BANK0   BANK1
  1857 ;;      Params:         0       2       0
  1858 ;;      Locals:         0       3       0
  1859 ;;      Temps:          0       1       0
  1860 ;;      Totals:         0       6       0
  1861 ;;Total ram usage:        6 bytes
  1862 ;; Hardware stack levels used:    1
  1863 ;; Hardware stack levels required when called:    3
  1864 ;; This function calls:
  1865 ;;		_RF_SPI_Write_Byte
  1866 ;; This function is called by:
  1867 ;;		_RF_Set_Address
  1868 ;;		_RF_Set_Power
  1869 ;;		_RF_Rx_Mode
  1870 ;;		_XL2400T_Init
  1871 ;; This function uses a non-reentrant model
  1872 ;;
  1873                           
  1874                           
  1875                           ;psect for function _RF_Write_Buff
  1876  06C8                     _RF_Write_Buff:	
  1877                           
  1878                           ;incstack = 0
  1879                           ; Regs used in _RF_Write_Buff: [wreg-fsr0h+status,2+status,0+pclath+cstack]
  1880                           ;RF_Write_Buff@RF_Reg stored from wreg
  1881  06C8  00D0               	movwf	RF_Write_Buff@RF_Reg
  1882                           
  1883                           ;SC8F054_xl2400t.c: 97: unsigned char i = 0;
  1884  06C9  01D2               	clrf	RF_Write_Buff@i
  1885                           
  1886                           ;SC8F054_xl2400t.c: 99: RB0 = 0;
  1887  06CA  1006               	bcf	6,0	;volatile
  1888                           
  1889                           ;SC8F054_xl2400t.c: 100: RF_SPI_Write_Byte(RF_Reg);
  1890  06CB  26DD               	fcall	_RF_SPI_Write_Byte
  1891                           
  1892                           ;SC8F054_xl2400t.c: 101: for(i = 0; i < Len; i++)
  1893  06CC  01D2               	clrf	RF_Write_Buff@i
  1894  06CD                     l5735:	
  1895  06CD  084E               	movf	RF_Write_Buff@Len,w
  1896  06CE  0252               	subwf	RF_Write_Buff@i,w
  1897  06CF  1803               	btfsc	3,0
  1898  06D0  2EDB               	goto	l3515
  1899                           
  1900                           ;SC8F054_xl2400t.c: 102: {
  1901                           ;SC8F054_xl2400t.c: 103: rTemp = pBuff[i];
  1902  06D1  0852               	movf	RF_Write_Buff@i,w
  1903  06D2  074D               	addwf	RF_Write_Buff@pBuff,w
  1904  06D3  00CF               	movwf	??_RF_Write_Buff
  1905  06D4  0084               	movwf	4
  1906  06D5  1383               	bcf	3,7	;select IRP bank0
  1907  06D6  0800               	movf	0,w
  1908  06D7  00D1               	movwf	RF_Write_Buff@rTemp
  1909                           
  1910                           ;SC8F054_xl2400t.c: 104: RF_SPI_Write_Byte(rTemp);
  1911  06D8  26DD               	fcall	_RF_SPI_Write_Byte
  1912  06D9  0AD2               	incf	RF_Write_Buff@i,f
  1913  06DA  2ECD               	goto	l5735
  1914  06DB                     l3515:	
  1915                           
  1916                           ;SC8F054_xl2400t.c: 105: }
  1917                           ;SC8F054_xl2400t.c: 106: RB0 = 1;
  1918  06DB  1406               	bsf	6,0	;volatile
  1919  06DC  0008               	return
  1920  06DD                     __end_of_RF_Write_Buff:	
  1921                           
  1922                           	psect	text11
  1923  0696                     __ptext11:	
  1924 ;; *************** function _RF_Set_Chn *****************
  1925 ;; Defined at:
  1926 ;;		line 159 in file "D:\QW\QW-项目\QW-247\程序\手环-中微-程序-16通道-2.4G\QW-247_SC8F054_V1.0_16M2T_16Channel\SC8F054_x
      +l2400t.c"
  1927 ;; Parameters:    Size  Location     Type
  1928 ;;  Chn             1    wreg     unsigned char 
  1929 ;; Auto vars:     Size  Location     Type
  1930 ;;  Chn             1    4[BANK0 ] unsigned char 
  1931 ;;  temp            2    5[BANK0 ] unsigned int 
  1932 ;; Return value:  Size  Location     Type
  1933 ;;                  1    wreg      void 
  1934 ;; Registers used:
  1935 ;;		wreg, status,2, status,0, pclath, cstack
  1936 ;; Tracked objects:
  1937 ;;		On entry : 100/0
  1938 ;;		On exit  : 100/0
  1939 ;;		Unchanged: 0/0
  1940 ;; Data sizes:     COMMON   BANK0   BANK1
  1941 ;;      Params:         0       0       0
  1942 ;;      Locals:         0       3       0
  1943 ;;      Temps:          0       0       0
  1944 ;;      Totals:         0       3       0
  1945 ;;Total ram usage:        3 bytes
  1946 ;; Hardware stack levels used:    1
  1947 ;; Hardware stack levels required when called:    4
  1948 ;; This function calls:
  1949 ;;		_RF_SPI_Read_Reg
  1950 ;;		_RF_SPI_Write_Reg
  1951 ;; This function is called by:
  1952 ;;		_RF_Rx_Mode
  1953 ;; This function uses a non-reentrant model
  1954 ;;
  1955                           
  1956                           
  1957                           ;psect for function _RF_Set_Chn
  1958  0696                     _RF_Set_Chn:	
  1959                           
  1960                           ;incstack = 0
  1961                           ; Regs used in _RF_Set_Chn: [wreg+status,2+status,0+pclath+cstack]
  1962                           ;RF_Set_Chn@Chn stored from wreg
  1963  0696  00CF               	movwf	RF_Set_Chn@Chn
  1964                           
  1965                           ;SC8F054_xl2400t.c: 162: temp = RF_SPI_Read_Reg((0X01));
  1966  0697  3001               	movlw	1
  1967  0698  27B0               	fcall	_RF_SPI_Read_Reg
  1968  0699  00D0               	movwf	RF_Set_Chn@temp
  1969  069A  01D1               	clrf	RF_Set_Chn@temp+1
  1970                           
  1971                           ;SC8F054_xl2400t.c: 163: temp &= ~(1 << 6);
  1972  069B  1350               	bcf	RF_Set_Chn@temp,6
  1973                           
  1974                           ;SC8F054_xl2400t.c: 164: RF_SPI_Write_Reg(0x20 + (0X01), temp);
  1975  069C  0850               	movf	RF_Set_Chn@temp,w
  1976  069D  00CD               	movwf	RF_SPI_Write_Reg@W_Data
  1977  069E  3021               	movlw	33
  1978  069F  27B7               	fcall	_RF_SPI_Write_Reg
  1979                           
  1980                           ;SC8F054_xl2400t.c: 165: RF_SPI_Write_Reg(0x20 + (0X05), Chn + 0x60);
  1981  06A0  084F               	movf	RF_Set_Chn@Chn,w
  1982  06A1  3E60               	addlw	96
  1983  06A2  00CD               	movwf	RF_SPI_Write_Reg@W_Data
  1984  06A3  3025               	movlw	37
  1985  06A4  27B7               	fcall	_RF_SPI_Write_Reg
  1986  06A5  3001               	movlw	1
  1987                           
  1988                           ;SC8F054_xl2400t.c: 166: temp = 0;
  1989  06A6  01D0               	clrf	RF_Set_Chn@temp
  1990  06A7  01D1               	clrf	RF_Set_Chn@temp+1
  1991                           
  1992                           ;SC8F054_xl2400t.c: 167: temp = RF_SPI_Read_Reg(0x00 | 0x01);
  1993  06A8  27B0               	fcall	_RF_SPI_Read_Reg
  1994  06A9  00D0               	movwf	RF_Set_Chn@temp
  1995  06AA  01D1               	clrf	RF_Set_Chn@temp+1
  1996                           
  1997                           ;SC8F054_xl2400t.c: 168: temp |= (1<<6);
  1998  06AB  1750               	bsf	RF_Set_Chn@temp,6
  1999                           
  2000                           ;SC8F054_xl2400t.c: 169: RF_SPI_Write_Reg(0x20 + (0X01), temp);
  2001  06AC  0850               	movf	RF_Set_Chn@temp,w
  2002  06AD  00CD               	movwf	RF_SPI_Write_Reg@W_Data
  2003  06AE  3021               	movlw	33
  2004  06AF  2FB7               	ljmp	_RF_SPI_Write_Reg
  2005  06B0                     __end_of_RF_Set_Chn:	
  2006                           
  2007                           	psect	text12
  2008  06F2                     __ptext12:	
  2009 ;; *************** function _RF_Read_Buff *****************
  2010 ;; Defined at:
  2011 ;;		line 115 in file "D:\QW\QW-项目\QW-247\程序\手环-中微-程序-16通道-2.4G\QW-247_SC8F054_V1.0_16M2T_16Channel\SC8F054_x
      +l2400t.c"
  2012 ;; Parameters:    Size  Location     Type
  2013 ;;  RF_Reg          1    wreg     unsigned char 
  2014 ;;  pBuff           1    2[BANK0 ] PTR unsigned char 
  2015 ;;		 -> XL2400T_Init@gRfBuffer(8), RF_Rx_Mode@Mode_Buff(3), RF_Tx_Mode@Mode_Buff(3), RF_Set_Power@Power_Buff(3), 
  2016 ;;  Len             1    3[BANK0 ] unsigned char 
  2017 ;; Auto vars:     Size  Location     Type
  2018 ;;  RF_Reg          1    5[BANK0 ] unsigned char 
  2019 ;;  i               1    6[BANK0 ] unsigned char 
  2020 ;; Return value:  Size  Location     Type
  2021 ;;                  1    wreg      void 
  2022 ;; Registers used:
  2023 ;;		wreg, fsr0l, fsr0h, status,2, status,0, pclath, cstack
  2024 ;; Tracked objects:
  2025 ;;		On entry : 100/0
  2026 ;;		On exit  : 100/0
  2027 ;;		Unchanged: 0/0
  2028 ;; Data sizes:     COMMON   BANK0   BANK1
  2029 ;;      Params:         0       2       0
  2030 ;;      Locals:         0       2       0
  2031 ;;      Temps:          0       1       0
  2032 ;;      Totals:         0       5       0
  2033 ;;Total ram usage:        5 bytes
  2034 ;; Hardware stack levels used:    1
  2035 ;; Hardware stack levels required when called:    3
  2036 ;; This function calls:
  2037 ;;		_RF_SPI_Read_Byte
  2038 ;;		_RF_SPI_Write_Byte
  2039 ;; This function is called by:
  2040 ;;		_RF_Set_Power
  2041 ;;		_RF_Rx_Mode
  2042 ;;		_XL2400T_Init
  2043 ;; This function uses a non-reentrant model
  2044 ;;
  2045                           
  2046                           
  2047                           ;psect for function _RF_Read_Buff
  2048  06F2                     _RF_Read_Buff:	
  2049                           
  2050                           ;incstack = 0
  2051                           ; Regs used in _RF_Read_Buff: [wreg-fsr0h+status,2+status,0+pclath+cstack]
  2052                           ;RF_Read_Buff@RF_Reg stored from wreg
  2053  06F2  00D0               	movwf	RF_Read_Buff@RF_Reg
  2054                           
  2055                           ;SC8F054_xl2400t.c: 118: RB0 = 0;
  2056  06F3  1006               	bcf	6,0	;volatile
  2057                           
  2058                           ;SC8F054_xl2400t.c: 119: RF_SPI_Write_Byte(RF_Reg);
  2059  06F4  26DD               	fcall	_RF_SPI_Write_Byte
  2060                           
  2061                           ;SC8F054_xl2400t.c: 120: for(i = 0 ; i < Len ; i++)
  2062  06F5  01D1               	clrf	RF_Read_Buff@i
  2063  06F6                     l5749:	
  2064  06F6  084E               	movf	RF_Read_Buff@Len,w
  2065  06F7  0251               	subwf	RF_Read_Buff@i,w
  2066  06F8  1803               	btfsc	3,0
  2067  06F9  2F03               	goto	l3521
  2068                           
  2069                           ;SC8F054_xl2400t.c: 121: {
  2070                           ;SC8F054_xl2400t.c: 122: pBuff[i] = RF_SPI_Read_Byte();
  2071  06FA  0851               	movf	RF_Read_Buff@i,w
  2072  06FB  074D               	addwf	RF_Read_Buff@pBuff,w
  2073  06FC  00CF               	movwf	??_RF_Read_Buff
  2074  06FD  0084               	movwf	4
  2075  06FE  2717               	fcall	_RF_SPI_Read_Byte
  2076  06FF  1383               	bcf	3,7	;select IRP bank0
  2077  0700  0080               	movwf	0
  2078  0701  0AD1               	incf	RF_Read_Buff@i,f
  2079  0702  2EF6               	goto	l5749
  2080  0703                     l3521:	
  2081                           
  2082                           ;SC8F054_xl2400t.c: 123: }
  2083                           ;SC8F054_xl2400t.c: 124: RB0 = 1;
  2084  0703  1406               	bsf	6,0	;volatile
  2085  0704  0008               	return
  2086  0705                     __end_of_RF_Read_Buff:	
  2087                           
  2088                           	psect	text13
  2089  0795                     __ptext13:	
  2090 ;; *************** function _Delay_ms *****************
  2091 ;; Defined at:
  2092 ;;		line 179 in file "D:\QW\QW-项目\QW-247\程序\手环-中微-程序-16通道-2.4G\QW-247_SC8F054_V1.0_16M2T_16Channel\SC8F054_i
      +nit.c"
  2093 ;; Parameters:    Size  Location     Type
  2094 ;;  x               1    wreg     unsigned char 
  2095 ;; Auto vars:     Size  Location     Type
  2096 ;;  x               1    3[BANK0 ] unsigned char 
  2097 ;;  i               1    4[BANK0 ] unsigned char 
  2098 ;; Return value:  Size  Location     Type
  2099 ;;                  1    wreg      void 
  2100 ;; Registers used:
  2101 ;;		wreg, status,2, status,0, pclath, cstack
  2102 ;; Tracked objects:
  2103 ;;		On entry : 100/0
  2104 ;;		On exit  : 100/0
  2105 ;;		Unchanged: 0/0
  2106 ;; Data sizes:     COMMON   BANK0   BANK1
  2107 ;;      Params:         0       0       0
  2108 ;;      Locals:         0       2       0
  2109 ;;      Temps:          0       0       0
  2110 ;;      Totals:         0       2       0
  2111 ;;Total ram usage:        2 bytes
  2112 ;; Hardware stack levels used:    1
  2113 ;; Hardware stack levels required when called:    3
  2114 ;; This function calls:
  2115 ;;		_Delay_us
  2116 ;; This function is called by:
  2117 ;;		_RF_Rx_Mode
  2118 ;;		_XL2400T_Init
  2119 ;; This function uses a non-reentrant model
  2120 ;;
  2121                           
  2122                           
  2123                           ;psect for function _Delay_ms
  2124  0795                     _Delay_ms:	
  2125                           
  2126                           ;incstack = 0
  2127                           ; Regs used in _Delay_ms: [wreg+status,2+status,0+pclath+cstack]
  2128                           ;Delay_ms@x stored from wreg
  2129  0795  00CE               	movwf	Delay_ms@x
  2130                           
  2131                           ;SC8F054_init.c: 181: unsigned char i;
  2132                           ;SC8F054_init.c: 182: for(i = 0; i < x; i++)
  2133  0796  01CF               	clrf	Delay_ms@i
  2134  0797                     l5987:	
  2135  0797  084E               	movf	Delay_ms@x,w
  2136  0798  024F               	subwf	Delay_ms@i,w
  2137  0799  1803               	btfsc	3,0
  2138  079A  0008               	return
  2139                           
  2140                           ;SC8F054_init.c: 183: {
  2141                           ;SC8F054_init.c: 184: Delay_us(15);
  2142  079B  300F               	movlw	15
  2143  079C  2758               	fcall	_Delay_us
  2144  079D  0ACF               	incf	Delay_ms@i,f
  2145  079E  2F97               	goto	l5987
  2146  079F                     __end_of_Delay_ms:	
  2147                           
  2148                           	psect	text14
  2149  0758                     __ptext14:	
  2150 ;; *************** function _Delay_us *****************
  2151 ;; Defined at:
  2152 ;;		line 164 in file "D:\QW\QW-项目\QW-247\程序\手环-中微-程序-16通道-2.4G\QW-247_SC8F054_V1.0_16M2T_16Channel\SC8F054_i
      +nit.c"
  2153 ;; Parameters:    Size  Location     Type
  2154 ;;  x               1    wreg     unsigned char 
  2155 ;; Auto vars:     Size  Location     Type
  2156 ;;  x               1    0[BANK0 ] unsigned char 
  2157 ;;  j               1    2[BANK0 ] unsigned char 
  2158 ;;  i               1    1[BANK0 ] unsigned char 
  2159 ;; Return value:  Size  Location     Type
  2160 ;;                  1    wreg      void 
  2161 ;; Registers used:
  2162 ;;		wreg, status,2, status,0
  2163 ;; Tracked objects:
  2164 ;;		On entry : 100/0
  2165 ;;		On exit  : 100/0
  2166 ;;		Unchanged: 0/0
  2167 ;; Data sizes:     COMMON   BANK0   BANK1
  2168 ;;      Params:         0       0       0
  2169 ;;      Locals:         0       3       0
  2170 ;;      Temps:          0       0       0
  2171 ;;      Totals:         0       3       0
  2172 ;;Total ram usage:        3 bytes
  2173 ;; Hardware stack levels used:    1
  2174 ;; Hardware stack levels required when called:    2
  2175 ;; This function calls:
  2176 ;;		Nothing
  2177 ;; This function is called by:
  2178 ;;		_Delay_1ms
  2179 ;;		_Delay_ms
  2180 ;; This function uses a non-reentrant model
  2181 ;;
  2182                           
  2183                           
  2184                           ;psect for function _Delay_us
  2185  0758                     _Delay_us:	
  2186                           
  2187                           ;incstack = 0
  2188                           ; Regs used in _Delay_us: [wreg+status,2+status,0]
  2189                           ;Delay_us@x stored from wreg
  2190  0758  00CB               	movwf	Delay_us@x
  2191                           
  2192                           ;SC8F054_init.c: 166: unsigned char i,j;
  2193                           ;SC8F054_init.c: 167: for(i=x;i>0;i--)
  2194  0759  00CC               	movwf	Delay_us@i
  2195  075A                     l5689:	
  2196  075A  084C               	movf	Delay_us@i,w
  2197  075B  1903               	btfsc	3,2
  2198  075C  0008               	return
  2199  075D  0000               	nop	;# 
  2200                           
  2201                           ;SC8F054_init.c: 170: for(j=153;j>0;j--);
  2202  075E  3099               	movlw	153
  2203  075F  1283               	bcf	3,5	;RP0=0, select bank0
  2204  0760  00CD               	movwf	Delay_us@j
  2205  0761                     l5699:	
  2206  0761  0BCD               	decfsz	Delay_us@j,f
  2207  0762  2F61               	goto	l5699
  2208  0763  03CC               	decf	Delay_us@i,f
  2209  0764  2F5A               	goto	l5689
  2210  0765                     __end_of_Delay_us:	
  2211                           
  2212                           	psect	text15
  2213  050D                     __ptext15:	
  2214 ;; *************** function _RF_RX_Data *****************
  2215 ;; Defined at:
  2216 ;;		line 285 in file "D:\QW\QW-项目\QW-247\程序\手环-中微-程序-16通道-2.4G\QW-247_SC8F054_V1.0_16M2T_16Channel\SC8F054_x
      +l2400t.c"
  2217 ;; Parameters:    Size  Location     Type
  2218 ;;  rx_buff         1    wreg     PTR unsigned char 
  2219 ;;		 -> soft_data(34), 
  2220 ;; Auto vars:     Size  Location     Type
  2221 ;;  rx_buff         1   11[BANK0 ] PTR unsigned char 
  2222 ;;		 -> soft_data(34), 
  2223 ;; Return value:  Size  Location     Type
  2224 ;;                  1    wreg      unsigned char 
  2225 ;; Registers used:
  2226 ;;		wreg, fsr0l, fsr0h, status,2, status,0, pclath, cstack
  2227 ;; Tracked objects:
  2228 ;;		On entry : 100/0
  2229 ;;		On exit  : 100/0
  2230 ;;		Unchanged: 0/0
  2231 ;; Data sizes:     COMMON   BANK0   BANK1
  2232 ;;      Params:         0       0       0
  2233 ;;      Locals:         0       1       0
  2234 ;;      Temps:          0       0       0
  2235 ;;      Totals:         0       1       0
  2236 ;;Total ram usage:        1 bytes
  2237 ;; Hardware stack levels used:    1
  2238 ;; Hardware stack levels required when called:    5
  2239 ;; This function calls:
  2240 ;;		_Delay_3us
  2241 ;;		_Key_Event
  2242 ;;		_Key_Scan
  2243 ;;		_RF_CE_High
  2244 ;;		_RF_CE_Low
  2245 ;;		_RF_Refresh_State
  2246 ;;		_RF_SPI_Read_Byte
  2247 ;;		_RF_SPI_Read_Reg
  2248 ;;		_RF_SPI_Write_Byte
  2249 ;;		_Soft_Decode
  2250 ;; This function is called by:
  2251 ;;		_main
  2252 ;; This function uses a non-reentrant model
  2253 ;;
  2254                           
  2255                           
  2256                           ;psect for function _RF_RX_Data
  2257  050D                     _RF_RX_Data:	
  2258                           
  2259                           ;incstack = 0
  2260                           ; Regs used in _RF_RX_Data: [wreg-fsr0h+status,2+status,0+pclath+cstack]
  2261                           ;RF_RX_Data@rx_buff stored from wreg
  2262  050D  00D6               	movwf	RF_RX_Data@rx_buff
  2263                           
  2264                           ;SC8F054_xl2400t.c: 287: TRISB = 0B00000000;
  2265  050E  0185               	clrf	5	;volatile
  2266                           
  2267                           ;SC8F054_xl2400t.c: 288: if(key_control.key_rec_flag_pb == 0)
  2268  050F  1B69               	btfsc	_key_control,6
  2269  0510  2D3D               	goto	l6341
  2270                           
  2271                           ;SC8F054_xl2400t.c: 289: {
  2272                           ;SC8F054_xl2400t.c: 290: if(RF_SPI_Read_Reg((0X07)) & (0x40))
  2273  0511  3007               	movlw	7
  2274  0512  27B0               	fcall	_RF_SPI_Read_Reg
  2275  0513  3940               	andlw	64
  2276  0514  1903               	btfsc	3,2
  2277  0515  2D3D               	goto	l6341
  2278                           
  2279                           ;SC8F054_xl2400t.c: 291: {
  2280                           ;SC8F054_xl2400t.c: 292: RF_CE_Low();
  2281  0516  27BE               	fcall	_RF_CE_Low
  2282                           
  2283                           ;SC8F054_xl2400t.c: 293: soft_recieve_control.data_length_count = RF_SPI_Read_Reg(0x60);
  2284  0517  3060               	movlw	96
  2285  0518  27B0               	fcall	_RF_SPI_Read_Reg
  2286  0519  00BC               	movwf	_soft_recieve_control+6
  2287                           
  2288                           ;SC8F054_xl2400t.c: 294: RB0 = 0;
  2289  051A  1006               	bcf	6,0	;volatile
  2290                           
  2291                           ;SC8F054_xl2400t.c: 295: RF_SPI_Write_Byte(0x61);
  2292  051B  3061               	movlw	97
  2293  051C  26DD               	fcall	_RF_SPI_Write_Byte
  2294                           
  2295                           ;SC8F054_xl2400t.c: 296: rx_buff[0] = RF_SPI_Read_Byte();
  2296  051D  0856               	movf	RF_RX_Data@rx_buff,w
  2297  051E  0084               	movwf	4
  2298  051F  2717               	fcall	_RF_SPI_Read_Byte
  2299  0520  1383               	bcf	3,7	;select IRP bank0
  2300  0521  0080               	movwf	0
  2301                           
  2302                           ;SC8F054_xl2400t.c: 297: rx_buff[1] = RF_SPI_Read_Byte();
  2303  0522  0A56               	incf	RF_RX_Data@rx_buff,w
  2304  0523  0084               	movwf	4
  2305  0524  2717               	fcall	_RF_SPI_Read_Byte
  2306  0525  1383               	bcf	3,7	;select IRP bank0
  2307  0526  0080               	movwf	0
  2308                           
  2309                           ;SC8F054_xl2400t.c: 298: rx_buff[2] = RF_SPI_Read_Byte();
  2310  0527  0856               	movf	RF_RX_Data@rx_buff,w
  2311  0528  3E02               	addlw	2
  2312  0529  0084               	movwf	4
  2313  052A  2717               	fcall	_RF_SPI_Read_Byte
  2314  052B  1383               	bcf	3,7	;select IRP bank0
  2315  052C  0080               	movwf	0
  2316                           
  2317                           ;SC8F054_xl2400t.c: 299: rx_buff[3] = RF_SPI_Read_Byte();
  2318  052D  0856               	movf	RF_RX_Data@rx_buff,w
  2319  052E  3E03               	addlw	3
  2320  052F  0084               	movwf	4
  2321  0530  2717               	fcall	_RF_SPI_Read_Byte
  2322  0531  1383               	bcf	3,7	;select IRP bank0
  2323  0532  0080               	movwf	0
  2324                           
  2325                           ;SC8F054_xl2400t.c: 300: rx_buff[4] = RF_SPI_Read_Byte();
  2326  0533  0856               	movf	RF_RX_Data@rx_buff,w
  2327  0534  3E04               	addlw	4
  2328  0535  0084               	movwf	4
  2329  0536  2717               	fcall	_RF_SPI_Read_Byte
  2330  0537  1383               	bcf	3,7	;select IRP bank0
  2331  0538  0080               	movwf	0
  2332                           
  2333                           ;SC8F054_xl2400t.c: 301: RB0 = 1;
  2334  0539  1406               	bsf	6,0	;volatile
  2335                           
  2336                           ;SC8F054_xl2400t.c: 302: Soft_Decode();
  2337  053A  2032               	fcall	_Soft_Decode
  2338                           
  2339                           ;SC8F054_xl2400t.c: 303: RF_Refresh_State();
  2340  053B  2765               	fcall	_RF_Refresh_State
  2341                           
  2342                           ;SC8F054_xl2400t.c: 304: RF_CE_High();
  2343  053C  27C2               	fcall	_RF_CE_High
  2344  053D                     l6341:	
  2345                           
  2346                           ;SC8F054_xl2400t.c: 305: }
  2347                           ;SC8F054_xl2400t.c: 306: }
  2348                           ;SC8F054_xl2400t.c: 308: Delay_3us();
  2349  053D  2772               	fcall	_Delay_3us
  2350                           
  2351                           ;SC8F054_xl2400t.c: 309: TRISB = 0B00000001;
  2352  053E  3001               	movlw	1
  2353  053F  0085               	movwf	5	;volatile
  2354                           
  2355                           ;SC8F054_xl2400t.c: 310: Delay_3us();
  2356  0540  2772               	fcall	_Delay_3us
  2357                           
  2358                           ;SC8F054_xl2400t.c: 311: Key_Scan();
  2359  0541  2544               	fcall	_Key_Scan
  2360                           
  2361                           ;SC8F054_xl2400t.c: 312: Key_Event();
  2362  0542  2634               	fcall	_Key_Event
  2363                           
  2364                           ;SC8F054_xl2400t.c: 313: Delay_3us();
  2365  0543  2F72               	ljmp	l5959
  2366  0544                     __end_of_RF_RX_Data:	
  2367                           
  2368                           	psect	text16
  2369  0032                     __ptext16:	
  2370 ;; *************** function _Soft_Decode *****************
  2371 ;; Defined at:
  2372 ;;		line 14 in file "D:\QW\QW-项目\QW-247\程序\手环-中微-程序-16通道-2.4G\QW-247_SC8F054_V1.0_16M2T_16Channel\SC8F054_so
      +ft.c"
  2373 ;; Parameters:    Size  Location     Type
  2374 ;;		None
  2375 ;; Auto vars:     Size  Location     Type
  2376 ;;		None
  2377 ;; Return value:  Size  Location     Type
  2378 ;;                  1    wreg      void 
  2379 ;; Registers used:
  2380 ;;		wreg, status,2, status,0, pclath, cstack
  2381 ;; Tracked objects:
  2382 ;;		On entry : 900/0
  2383 ;;		On exit  : 800/0
  2384 ;;		Unchanged: 800/0
  2385 ;; Data sizes:     COMMON   BANK0   BANK1
  2386 ;;      Params:         0       0       0
  2387 ;;      Locals:         0       0       0
  2388 ;;      Temps:          0       5       0
  2389 ;;      Totals:         0       5       0
  2390 ;;Total ram usage:        5 bytes
  2391 ;; Hardware stack levels used:    1
  2392 ;; Hardware stack levels required when called:    3
  2393 ;; This function calls:
  2394 ;;		___awmod
  2395 ;; This function is called by:
  2396 ;;		_RF_RX_Data
  2397 ;; This function uses a non-reentrant model
  2398 ;;
  2399                           
  2400                           
  2401                           ;psect for function _Soft_Decode
  2402  0032                     _Soft_Decode:	
  2403                           
  2404                           ;SC8F054_soft.c: 16: {
  2405                           ;SC8F054_soft.c: 39: if(soft_recieve_control.data_length_count == 5)
  2406                           
  2407                           ;incstack = 0
  2408                           ; Regs used in _Soft_Decode: [wreg+status,2+status,0+pclath+cstack]
  2409  0032  3005               	movlw	5
  2410  0033  063C               	xorwf	_soft_recieve_control+6,w
  2411  0034  1D03               	btfss	3,2
  2412  0035  0008               	return
  2413                           
  2414                           ;SC8F054_soft.c: 40: {
  2415                           ;SC8F054_soft.c: 42: if((soft_data[0] != soft_recieve_control.temp0) || (soft_data[1] !=
      +                           soft_recieve_control.temp1)
  2416                           ;SC8F054_soft.c: 43: || (soft_data[2] != soft_recieve_control.temp2) || (soft_data[3] !=
      +                           soft_recieve_control.temp3))
  2417  0036  083F               	movf	_soft_recieve_control+9,w
  2418  0037  1683               	bsf	3,5	;RP0=1, select bank1
  2419  0038  0620               	xorwf	_soft_data^(0+128),w
  2420  0039  1D03               	skipz
  2421  003A  284C               	goto	l6025
  2422  003B  0821               	movf	(_soft_data^(0+128)+1),w
  2423  003C  1283               	bcf	3,5	;RP0=0, select bank0
  2424  003D  0640               	xorwf	_soft_recieve_control+10,w
  2425  003E  1683               	bsf	3,5	;RP0=1, select bank1
  2426  003F  1D03               	skipz
  2427  0040  284D               	goto	L1
  2428  0041  0822               	movf	(_soft_data^(0+128)+2),w
  2429  0042  1283               	bcf	3,5	;RP0=0, select bank0
  2430  0043  0641               	xorwf	_soft_recieve_control+11,w
  2431  0044  1683               	bsf	3,5	;RP0=1, select bank1
  2432  0045  1D03               	skipz
  2433  0046  284D               	goto	L1
  2434  0047  0823               	movf	(_soft_data^(0+128)+3),w
  2435  0048  1283               	bcf	3,5	;RP0=0, select bank0
  2436  0049  0642               	xorwf	_soft_recieve_control+12,w
  2437  004A  1903               	skipnz
  2438  004B  0008               	return
  2439  004C                     l6025:	
  2440                           
  2441                           ;SC8F054_soft.c: 44: {
  2442                           ;SC8F054_soft.c: 46: if(((soft_data[0] + soft_data[1] + soft_data[2] + soft_data[3]) & 0
      +                          x0ff) == soft_data[4])
  2443  004C  1683               	bsf	3,5	;RP0=1, select bank1
  2444  004D                     L1:	
  2445  004D  0822               	movf	(_soft_data^(0+128)+2),w
  2446  004E  0721               	addwf	(_soft_data^(0+128)+1),w
  2447  004F  1283               	bcf	3,5	;RP0=0, select bank0
  2448  0050  00D1               	movwf	??_Soft_Decode
  2449  0051  1683               	bsf	3,5	;RP0=1, select bank1
  2450  0052  0823               	movf	(_soft_data^(0+128)+3),w
  2451  0053  1283               	bcf	3,5	;RP0=0, select bank0
  2452  0054  0751               	addwf	??_Soft_Decode,w
  2453  0055  00D2               	movwf	??_Soft_Decode+1
  2454  0056  1683               	bsf	3,5	;RP0=1, select bank1
  2455  0057  0820               	movf	_soft_data^(0+128),w
  2456  0058  1283               	bcf	3,5	;RP0=0, select bank0
  2457  0059  0752               	addwf	??_Soft_Decode+1,w
  2458  005A  1683               	bsf	3,5	;RP0=1, select bank1
  2459  005B  0624               	xorwf	(_soft_data^(0+128)+4),w
  2460  005C  1D03               	skipz
  2461  005D  0008               	return
  2462                           
  2463                           ;SC8F054_soft.c: 47: {
  2464                           ;SC8F054_soft.c: 48: soft_recieve_control.temp0 = soft_data[0];
  2465  005E  0820               	movf	_soft_data^(0+128),w
  2466  005F  1283               	bcf	3,5	;RP0=0, select bank0
  2467  0060  00BF               	movwf	_soft_recieve_control+9
  2468                           
  2469                           ;SC8F054_soft.c: 49: soft_recieve_control.temp1 = soft_data[1];
  2470  0061  1683               	bsf	3,5	;RP0=1, select bank1
  2471  0062  0821               	movf	(_soft_data^(0+128)+1),w
  2472  0063  1283               	bcf	3,5	;RP0=0, select bank0
  2473  0064  00C0               	movwf	_soft_recieve_control+10
  2474                           
  2475                           ;SC8F054_soft.c: 50: soft_recieve_control.temp2 = soft_data[2];
  2476  0065  1683               	bsf	3,5	;RP0=1, select bank1
  2477  0066  0822               	movf	(_soft_data^(0+128)+2),w
  2478  0067  1283               	bcf	3,5	;RP0=0, select bank0
  2479  0068  00C1               	movwf	_soft_recieve_control+11
  2480                           
  2481                           ;SC8F054_soft.c: 51: soft_recieve_control.temp3 = soft_data[3];
  2482  0069  1683               	bsf	3,5	;RP0=1, select bank1
  2483  006A  0823               	movf	(_soft_data^(0+128)+3),w
  2484  006B  1283               	bcf	3,5	;RP0=0, select bank0
  2485  006C  00C2               	movwf	_soft_recieve_control+12
  2486                           
  2487                           ;SC8F054_soft.c: 52: soft_recieve_control.function_data = soft_data[3];
  2488  006D  1683               	bsf	3,5	;RP0=1, select bank1
  2489  006E  0823               	movf	(_soft_data^(0+128)+3),w
  2490  006F  1283               	bcf	3,5	;RP0=0, select bank0
  2491  0070  00BE               	movwf	_soft_recieve_control+8
  2492                           
  2493                           ;SC8F054_soft.c: 53: soft_recieve_control.Channel = soft_data[0] & 0xff;
  2494  0071  1683               	bsf	3,5	;RP0=1, select bank1
  2495  0072  0820               	movf	_soft_data^(0+128),w
  2496  0073  1283               	bcf	3,5	;RP0=0, select bank0
  2497  0074  00C4               	movwf	_soft_recieve_control+14
  2498                           
  2499                           ;SC8F054_soft.c: 54: sleep_control.sleep_count = 13;
  2500  0075  300D               	movlw	13
  2501  0076  00F8               	movwf	_sleep_control+1
  2502  0077  3020               	movlw	32
  2503  0078  01F9               	clrf	_sleep_control+2
  2504                           
  2505                           ;SC8F054_soft.c: 55: sleep_control.recieve_sleep_flag = 1;
  2506  0079  14F7               	bsf	_sleep_control,1
  2507                           
  2508                           ;SC8F054_soft.c: 56: soft_recieve_control.randnum_flag = 0;
  2509  007A  12B6               	bcf	_soft_recieve_control,5
  2510                           
  2511                           ;SC8F054_soft.c: 58: if((soft_recieve_control.function_data == 0x20) || (soft_recieve_co
      +                          ntrol.function_data == 0xE0)
  2512                           ;SC8F054_soft.c: 59: || (soft_recieve_control.function_data == 0xC0) || (soft_recieve_co
      +                          ntrol.function_data == 0x40))
  2513  007B  063E               	xorwf	_soft_recieve_control+8,w
  2514  007C  1903               	btfsc	3,2
  2515  007D  288A               	goto	l2897
  2516  007E  30E0               	movlw	224
  2517  007F  063E               	xorwf	_soft_recieve_control+8,w
  2518  0080  1903               	btfsc	3,2
  2519  0081  288A               	goto	l2897
  2520  0082  30C0               	movlw	192
  2521  0083  063E               	xorwf	_soft_recieve_control+8,w
  2522  0084  1903               	btfsc	3,2
  2523  0085  288A               	goto	l2897
  2524  0086  3040               	movlw	64
  2525  0087  063E               	xorwf	_soft_recieve_control+8,w
  2526  0088  1D03               	btfss	3,2
  2527  0089  28EA               	goto	l6081
  2528  008A                     l2897:	
  2529                           
  2530                           ;SC8F054_soft.c: 60: {
  2531                           ;SC8F054_soft.c: 61: soft_recieve_control.recieve_bit = 1;
  2532  008A  14B6               	bsf	_soft_recieve_control,1
  2533                           
  2534                           ;SC8F054_soft.c: 63: if((soft_recieve_control.Channel | (soft_data[1] << 8)) & (1 << (le
      +                          d_control.add_data - 1)))
  2535  008B  0835               	movf	_led_control+21,w
  2536  008C  3EFF               	addlw	-1
  2537  008D  00D1               	movwf	??_Soft_Decode
  2538  008E  3001               	movlw	1
  2539  008F  0AD1               	incf	??_Soft_Decode,f
  2540  0090  00D2               	movwf	??_Soft_Decode+1
  2541  0091  3000               	movlw	0
  2542  0092  00D3               	movwf	??_Soft_Decode+2
  2543  0093  2897               	goto	u1664
  2544  0094                     u1665:	
  2545  0094  1003               	clrc
  2546  0095  0DD2               	rlf	??_Soft_Decode+1,f
  2547  0096  0DD3               	rlf	??_Soft_Decode+2,f
  2548  0097                     u1664:	
  2549  0097  0BD1               	decfsz	??_Soft_Decode,f
  2550  0098  2894               	goto	u1665
  2551  0099  0852               	movf	??_Soft_Decode+1,w
  2552  009A  0544               	andwf	_soft_recieve_control+14,w
  2553  009B  00D4               	movwf	??_Soft_Decode+3
  2554  009C  0853               	movf	??_Soft_Decode+2,w
  2555  009D  1683               	bsf	3,5	;RP0=1, select bank1
  2556  009E  0521               	andwf	(_soft_data^(0+128)+1),w
  2557  009F  1283               	bcf	3,5	;RP0=0, select bank0
  2558  00A0  00D5               	movwf	??_Soft_Decode+4
  2559  00A1  0454               	iorwf	??_Soft_Decode+3,w
  2560  00A2  1903               	btfsc	3,2
  2561  00A3  28E2               	goto	l6073
  2562                           
  2563                           ;SC8F054_soft.c: 64: {
  2564                           ;SC8F054_soft.c: 65: if(soft_recieve_control.function_data == 0x20)
  2565  00A4  3020               	movlw	32
  2566  00A5  063E               	xorwf	_soft_recieve_control+8,w
  2567  00A6  1D03               	btfss	3,2
  2568  00A7  28BC               	goto	l6057
  2569                           
  2570                           ;SC8F054_soft.c: 66: {
  2571                           ;SC8F054_soft.c: 67: led_control.led_color = (soft_data[2] >> 4) & 0x0f;
  2572  00A8  1683               	bsf	3,5	;RP0=1, select bank1
  2573  00A9  0E22               	swapf	(_soft_data^(0+128)+2),w
  2574  00AA  390F               	andlw	15
  2575  00AB  1283               	bcf	3,5	;RP0=0, select bank0
  2576  00AC  00A7               	movwf	_led_control+7
  2577  00AD  300F               	movlw	15
  2578  00AE  05A7               	andwf	_led_control+7,f
  2579                           
  2580                           ;SC8F054_soft.c: 68: led_control.led_mode = (soft_data[2]) & 0x0f;
  2581  00AF  1683               	bsf	3,5	;RP0=1, select bank1
  2582  00B0  0822               	movf	(_soft_data^(0+128)+2),w
  2583  00B1  1283               	bcf	3,5	;RP0=0, select bank0
  2584  00B2  00A8               	movwf	_led_control+8
  2585  00B3  300F               	movlw	15
  2586  00B4  05A8               	andwf	_led_control+8,f
  2587                           
  2588                           ;SC8F054_soft.c: 70: led_control.quick_control = 0;
  2589  00B5  01B4               	clrf	_led_control+20
  2590                           
  2591                           ;SC8F054_soft.c: 71: if(led_control.led_color != 0)
  2592  00B6  0827               	movf	_led_control+7,w
  2593  00B7  1903               	btfsc	3,2
  2594  00B8  29C2               	goto	l6079
  2595                           
  2596                           ;SC8F054_soft.c: 72: led_control.last_quick_led = led_control.led_color;
  2597  00B9  0827               	movf	_led_control+7,w
  2598  00BA  00B2               	movwf	_led_control+18
  2599  00BB  29C2               	goto	l6079
  2600  00BC                     l6057:	
  2601                           
  2602                           ;SC8F054_soft.c: 74: else if(soft_recieve_control.function_data == 0xE0)
  2603  00BC  30E0               	movlw	224
  2604  00BD  063E               	xorwf	_soft_recieve_control+8,w
  2605  00BE  1D03               	btfss	3,2
  2606  00BF  28C5               	goto	l6061
  2607                           
  2608                           ;SC8F054_soft.c: 75: {
  2609                           ;SC8F054_soft.c: 76: led_control.led_mode = 2;
  2610  00C0  3002               	movlw	2
  2611  00C1  00A8               	movwf	_led_control+8
  2612                           
  2613                           ;SC8F054_soft.c: 77: led_control.led_color = led_control.last_quick_led;
  2614  00C2  0832               	movf	_led_control+18,w
  2615  00C3  00A7               	movwf	_led_control+7
  2616                           
  2617                           ;SC8F054_soft.c: 78: }
  2618  00C4  29C2               	goto	l6079
  2619  00C5                     l6061:	
  2620                           
  2621                           ;SC8F054_soft.c: 79: else if(soft_recieve_control.function_data == 0xC0)
  2622  00C5  30C0               	movlw	192
  2623  00C6  063E               	xorwf	_soft_recieve_control+8,w
  2624  00C7  1D03               	btfss	3,2
  2625  00C8  28D0               	goto	l6065
  2626                           
  2627                           ;SC8F054_soft.c: 80: {
  2628                           ;SC8F054_soft.c: 81: led_control.add_data = (soft_data[2] & 0x0f) + 1;
  2629  00C9  1683               	bsf	3,5	;RP0=1, select bank1
  2630  00CA  0822               	movf	(_soft_data^(0+128)+2),w
  2631  00CB  390F               	andlw	15
  2632  00CC  3E01               	addlw	1
  2633  00CD  1283               	bcf	3,5	;RP0=0, select bank0
  2634  00CE  00B5               	movwf	_led_control+21
  2635                           
  2636                           ;SC8F054_soft.c: 82: }
  2637  00CF  29C2               	goto	l6079
  2638  00D0                     l6065:	
  2639                           
  2640                           ;SC8F054_soft.c: 83: else if(soft_recieve_control.function_data == 0x40)
  2641  00D0  3040               	movlw	64
  2642  00D1  063E               	xorwf	_soft_recieve_control+8,w
  2643  00D2  1D03               	btfss	3,2
  2644  00D3  29C2               	goto	l6079
  2645                           
  2646                           ;SC8F054_soft.c: 84: {
  2647                           ;SC8F054_soft.c: 85: led_control.led_color = (soft_data[2] >>4) & 0x0f;
  2648  00D4  1683               	bsf	3,5	;RP0=1, select bank1
  2649  00D5  0E22               	swapf	(_soft_data^(0+128)+2),w
  2650  00D6  390F               	andlw	15
  2651  00D7  1283               	bcf	3,5	;RP0=0, select bank0
  2652  00D8  00A7               	movwf	_led_control+7
  2653  00D9  300F               	movlw	15
  2654  00DA  05A7               	andwf	_led_control+7,f
  2655  00DB                     l6069:	
  2656                           
  2657                           ;SC8F054_soft.c: 86: led_control.led_mode = soft_data[2] & 0x0f;
  2658  00DB  1683               	bsf	3,5	;RP0=1, select bank1
  2659  00DC  0822               	movf	(_soft_data^(0+128)+2),w
  2660  00DD  1283               	bcf	3,5	;RP0=0, select bank0
  2661  00DE  00A8               	movwf	_led_control+8
  2662  00DF  300F               	movlw	15
  2663  00E0  05A8               	andwf	_led_control+8,f
  2664  00E1  29C2               	goto	l6079
  2665  00E2                     l6073:	
  2666                           
  2667                           ;SC8F054_soft.c: 89: else if(soft_recieve_control.function_data == 0x40)
  2668  00E2  3040               	movlw	64
  2669  00E3  063E               	xorwf	_soft_recieve_control+8,w
  2670  00E4  1D03               	btfss	3,2
  2671  00E5  29C2               	goto	l6079
  2672                           
  2673                           ;SC8F054_soft.c: 90: {
  2674                           ;SC8F054_soft.c: 91: led_control.led_mode = 1;
  2675  00E6  01A8               	clrf	_led_control+8
  2676  00E7  0AA8               	incf	_led_control+8,f
  2677                           
  2678                           ;SC8F054_soft.c: 92: led_control.led_color = 0;
  2679  00E8  01A7               	clrf	_led_control+7
  2680                           
  2681                           ;SC8F054_soft.c: 95: }
  2682  00E9  29C2               	goto	l6079
  2683  00EA                     l6081:	
  2684                           
  2685                           ;SC8F054_soft.c: 96: else if(soft_recieve_control.function_data == 0x60)
  2686  00EA  3060               	movlw	96
  2687  00EB  063E               	xorwf	_soft_recieve_control+8,w
  2688  00EC  1D03               	btfss	3,2
  2689  00ED  28F4               	goto	l6089
  2690  00EE  3002               	movlw	2
  2691                           
  2692                           ;SC8F054_soft.c: 97: {
  2693                           ;SC8F054_soft.c: 98: soft_recieve_control.recieve_bit = 0;
  2694  00EF  10B6               	bcf	_soft_recieve_control,1
  2695                           
  2696                           ;SC8F054_soft.c: 99: soft_recieve_control.clear_bit = 1;
  2697  00F0  1536               	bsf	_soft_recieve_control,2
  2698                           
  2699                           ;SC8F054_soft.c: 100: led_control.led_color = 0;
  2700  00F1  01A7               	clrf	_led_control+7
  2701                           
  2702                           ;SC8F054_soft.c: 101: led_control.led_mode = 2;
  2703  00F2  00A8               	movwf	_led_control+8
  2704                           
  2705                           ;SC8F054_soft.c: 102: }
  2706  00F3  29C3               	goto	l6217
  2707  00F4                     l6089:	
  2708                           
  2709                           ;SC8F054_soft.c: 103: else if(soft_recieve_control.function_data == 0xD0)
  2710  00F4  30D0               	movlw	208
  2711  00F5  063E               	xorwf	_soft_recieve_control+8,w
  2712  00F6  1D03               	btfss	3,2
  2713  00F7  290D               	goto	l6103
  2714                           
  2715                           ;SC8F054_soft.c: 104: {
  2716                           ;SC8F054_soft.c: 105: soft_recieve_control.recieve_bit = 1;
  2717  00F8  14B6               	bsf	_soft_recieve_control,1
  2718                           
  2719                           ;SC8F054_soft.c: 106: led_control.led_color = (soft_data[2] >> 4) & 0x0f;
  2720  00F9  1683               	bsf	3,5	;RP0=1, select bank1
  2721  00FA  0E22               	swapf	(_soft_data^(0+128)+2),w
  2722  00FB  390F               	andlw	15
  2723  00FC  1283               	bcf	3,5	;RP0=0, select bank0
  2724  00FD  00A7               	movwf	_led_control+7
  2725  00FE  300F               	movlw	15
  2726  00FF  05A7               	andwf	_led_control+7,f
  2727                           
  2728                           ;SC8F054_soft.c: 107: led_control.led_color = (led_control.led_color + led_control.add_d
      +                          ata) % 10 + 1;
  2729  0100  300A               	movlw	10
  2730  0101  00CB               	movwf	___awmod@divisor
  2731  0102  01CC               	clrf	___awmod@divisor+1
  2732  0103  0827               	movf	_led_control+7,w
  2733  0104  0735               	addwf	_led_control+21,w
  2734  0105  00CD               	movwf	___awmod@dividend
  2735  0106  01CE               	clrf	___awmod@dividend+1
  2736  0107  0DCE               	rlf	___awmod@dividend+1,f
  2737  0108  24D0               	fcall	___awmod
  2738  0109  084B               	movf	?___awmod,w
  2739  010A  3E01               	addlw	1
  2740  010B  00A7               	movwf	_led_control+7
  2741  010C  28DB               	goto	l6069
  2742  010D                     l6103:	
  2743                           
  2744                           ;SC8F054_soft.c: 111: else if(soft_recieve_control.function_data == 0x80)
  2745  010D  3080               	movlw	128
  2746  010E  063E               	xorwf	_soft_recieve_control+8,w
  2747  010F  1D03               	btfss	3,2
  2748  0110  2954               	goto	l6141
  2749                           
  2750                           ;SC8F054_soft.c: 112: {
  2751                           ;SC8F054_soft.c: 113: soft_recieve_control.recieve_bit = 1;
  2752  0111  14B6               	bsf	_soft_recieve_control,1
  2753                           
  2754                           ;SC8F054_soft.c: 114: if((soft_recieve_control.Channel | (soft_data[1] << 8)) & (1 << (l
      +                          ed_control.add_data - 1)))
  2755  0112  0835               	movf	_led_control+21,w
  2756  0113  3EFF               	addlw	-1
  2757  0114  00D1               	movwf	??_Soft_Decode
  2758  0115  3001               	movlw	1
  2759  0116  0AD1               	incf	??_Soft_Decode,f
  2760  0117  00D2               	movwf	??_Soft_Decode+1
  2761  0118  3000               	movlw	0
  2762  0119  00D3               	movwf	??_Soft_Decode+2
  2763  011A  291E               	goto	u1774
  2764  011B                     u1775:	
  2765  011B  1003               	clrc
  2766  011C  0DD2               	rlf	??_Soft_Decode+1,f
  2767  011D  0DD3               	rlf	??_Soft_Decode+2,f
  2768  011E                     u1774:	
  2769  011E  0BD1               	decfsz	??_Soft_Decode,f
  2770  011F  291B               	goto	u1775
  2771  0120  0852               	movf	??_Soft_Decode+1,w
  2772  0121  0544               	andwf	_soft_recieve_control+14,w
  2773  0122  00D4               	movwf	??_Soft_Decode+3
  2774  0123  0853               	movf	??_Soft_Decode+2,w
  2775  0124  1683               	bsf	3,5	;RP0=1, select bank1
  2776  0125  0521               	andwf	(_soft_data^(0+128)+1),w
  2777  0126  1283               	bcf	3,5	;RP0=0, select bank0
  2778  0127  00D5               	movwf	??_Soft_Decode+4
  2779  0128  0454               	iorwf	??_Soft_Decode+3,w
  2780  0129  1903               	btfsc	3,2
  2781  012A  29C2               	goto	l6079
  2782                           
  2783                           ;SC8F054_soft.c: 115: {
  2784                           ;SC8F054_soft.c: 116: led_control.led_color = (soft_data[2] >> 4) & 0x0f;
  2785  012B  1683               	bsf	3,5	;RP0=1, select bank1
  2786  012C  0E22               	swapf	(_soft_data^(0+128)+2),w
  2787  012D  390F               	andlw	15
  2788  012E  1283               	bcf	3,5	;RP0=0, select bank0
  2789  012F  00A7               	movwf	_led_control+7
  2790  0130  300F               	movlw	15
  2791  0131  05A7               	andwf	_led_control+7,f
  2792  0132  300E               	movlw	14
  2793                           
  2794                           ;SC8F054_soft.c: 117: led_control.breath_time = 0;
  2795  0133  01AA               	clrf	_led_control+10
  2796                           
  2797                           ;SC8F054_soft.c: 118: led_control.led_mode = 14;
  2798  0134  00A8               	movwf	_led_control+8
  2799                           
  2800                           ;SC8F054_soft.c: 119: led_control.breath_flag = soft_data[2] & 0x0f;
  2801  0135  1683               	bsf	3,5	;RP0=1, select bank1
  2802  0136  0822               	movf	(_soft_data^(0+128)+2),w
  2803  0137  1283               	bcf	3,5	;RP0=0, select bank0
  2804  0138  00A0               	movwf	_led_control
  2805  0139  300F               	movlw	15
  2806  013A  05A0               	andwf	_led_control,f
  2807                           
  2808                           ;SC8F054_soft.c: 120: led_control.breath_start_off_time = 10;
  2809  013B  300A               	movlw	10
  2810  013C  00AB               	movwf	_led_control+11
  2811                           
  2812                           ;SC8F054_soft.c: 121: led_control.led_mode_count = 10;
  2813  013D  00A9               	movwf	_led_control+9
  2814                           
  2815                           ;SC8F054_soft.c: 122: led_control.breat_time_control = 10;
  2816  013E  00B3               	movwf	_led_control+19
  2817                           
  2818                           ;SC8F054_soft.c: 124: if(led_control.breath_flag == 1)
  2819  013F  0B20               	decfsz	_led_control,w
  2820  0140  2945               	goto	l6129
  2821                           
  2822                           ;SC8F054_soft.c: 125: {
  2823                           ;SC8F054_soft.c: 126: led_control.red_duty = 0;
  2824  0141  01A1               	clrf	_led_control+1
  2825                           
  2826                           ;SC8F054_soft.c: 127: led_control.green_duty = 0;
  2827  0142  01A2               	clrf	_led_control+2
  2828                           
  2829                           ;SC8F054_soft.c: 128: led_control.blue_duty = 0;
  2830  0143  01A3               	clrf	_led_control+3
  2831                           
  2832                           ;SC8F054_soft.c: 129: }
  2833  0144  29C2               	goto	l6079
  2834  0145                     l6129:	
  2835                           
  2836                           ;SC8F054_soft.c: 130: else if(led_control.breath_flag == 0)
  2837  0145  0820               	movf	_led_control,w
  2838  0146  1D03               	btfss	3,2
  2839  0147  294A               	goto	l6133
  2840  0148                     l6131:	
  2841                           
  2842                           ;SC8F054_soft.c: 131: {
  2843                           ;SC8F054_soft.c: 132: led_control.color_p = 0;
  2844  0148  01AD               	clrf	_led_control+13
  2845                           
  2846                           ;SC8F054_soft.c: 133: }
  2847  0149  29C2               	goto	l6079
  2848  014A                     l6133:	
  2849                           
  2850                           ;SC8F054_soft.c: 134: else if(led_control.breath_flag == 2)
  2851  014A  3002               	movlw	2
  2852  014B  0620               	xorwf	_led_control,w
  2853  014C  1D03               	btfss	3,2
  2854  014D  29C2               	goto	l6079
  2855                           
  2856                           ;SC8F054_soft.c: 135: {
  2857                           ;SC8F054_soft.c: 136: led_control.breath_start_off_time = 17;
  2858  014E  3011               	movlw	17
  2859  014F  00AB               	movwf	_led_control+11
  2860                           
  2861                           ;SC8F054_soft.c: 137: led_control.led_mode_count = 15;
  2862  0150  300F               	movlw	15
  2863  0151  00A9               	movwf	_led_control+9
  2864                           
  2865                           ;SC8F054_soft.c: 138: led_control.breat_time_control = 15;
  2866  0152  00B3               	movwf	_led_control+19
  2867  0153  2948               	goto	l6131
  2868  0154                     l6141:	
  2869                           
  2870                           ;SC8F054_soft.c: 144: else if(soft_recieve_control.function_data == 0xB0)
  2871  0154  30B0               	movlw	176
  2872  0155  063E               	xorwf	_soft_recieve_control+8,w
  2873  0156  1D03               	btfss	3,2
  2874  0157  299E               	goto	l6187
  2875                           
  2876                           ;SC8F054_soft.c: 145: {
  2877                           ;SC8F054_soft.c: 146: soft_recieve_control.recieve_bit = 1;
  2878  0158  14B6               	bsf	_soft_recieve_control,1
  2879                           
  2880                           ;SC8F054_soft.c: 147: soft_recieve_control.stroge_flag = soft_data[2] & 0x03;
  2881  0159  1683               	bsf	3,5	;RP0=1, select bank1
  2882  015A  0822               	movf	(_soft_data^(0+128)+2),w
  2883  015B  1283               	bcf	3,5	;RP0=0, select bank0
  2884  015C  00B7               	movwf	_soft_recieve_control+1
  2885  015D  3003               	movlw	3
  2886  015E  05B7               	andwf	_soft_recieve_control+1,f
  2887                           
  2888                           ;SC8F054_soft.c: 149: if((soft_recieve_control.Channel | (soft_data[1] << 8)) & (1 << (l
      +                          ed_control.add_data - 1)))
  2889  015F  0835               	movf	_led_control+21,w
  2890  0160  3EFF               	addlw	-1
  2891  0161  00D1               	movwf	??_Soft_Decode
  2892  0162  3001               	movlw	1
  2893  0163  0AD1               	incf	??_Soft_Decode,f
  2894  0164  00D2               	movwf	??_Soft_Decode+1
  2895  0165  3000               	movlw	0
  2896  0166  00D3               	movwf	??_Soft_Decode+2
  2897  0167  296B               	goto	u1834
  2898  0168                     u1835:	
  2899  0168  1003               	clrc
  2900  0169  0DD2               	rlf	??_Soft_Decode+1,f
  2901  016A  0DD3               	rlf	??_Soft_Decode+2,f
  2902  016B                     u1834:	
  2903  016B  0BD1               	decfsz	??_Soft_Decode,f
  2904  016C  2968               	goto	u1835
  2905  016D  0852               	movf	??_Soft_Decode+1,w
  2906  016E  0544               	andwf	_soft_recieve_control+14,w
  2907  016F  00D4               	movwf	??_Soft_Decode+3
  2908  0170  0853               	movf	??_Soft_Decode+2,w
  2909  0171  1683               	bsf	3,5	;RP0=1, select bank1
  2910  0172  0521               	andwf	(_soft_data^(0+128)+1),w
  2911  0173  1283               	bcf	3,5	;RP0=0, select bank0
  2912  0174  00D5               	movwf	??_Soft_Decode+4
  2913  0175  0454               	iorwf	??_Soft_Decode+3,w
  2914  0176  1903               	btfsc	3,2
  2915  0177  2985               	goto	l6165
  2916                           
  2917                           ;SC8F054_soft.c: 150: {
  2918                           ;SC8F054_soft.c: 151: led_control.led_color = led_control.last_quick_led;
  2919  0178  0832               	movf	_led_control+18,w
  2920  0179  00A7               	movwf	_led_control+7
  2921  017A  3002               	movlw	2
  2922                           
  2923                           ;SC8F054_soft.c: 152: led_control.quick_control = 1;
  2924  017B  01B4               	clrf	_led_control+20
  2925  017C  0AB4               	incf	_led_control+20,f
  2926                           
  2927                           ;SC8F054_soft.c: 153: led_control.led_mode_count = 0;
  2928  017D  01A9               	clrf	_led_control+9
  2929                           
  2930                           ;SC8F054_soft.c: 154: soft_recieve_control.quick_flag = 1;
  2931  017E  1736               	bsf	_soft_recieve_control,6
  2932                           
  2933                           ;SC8F054_soft.c: 155: if(soft_recieve_control.stroge_flag == 2)
  2934  017F  0637               	xorwf	_soft_recieve_control+1,w
  2935  0180  1D03               	btfss	3,2
  2936  0181  2995               	goto	l6177
  2937                           
  2938                           ;SC8F054_soft.c: 156: {
  2939                           ;SC8F054_soft.c: 157: led_control.led_color = 0;
  2940  0182  01A7               	clrf	_led_control+7
  2941                           
  2942                           ;SC8F054_soft.c: 158: soft_recieve_control.quick_flag = 0;
  2943  0183  1336               	bcf	_soft_recieve_control,6
  2944  0184  2995               	goto	l6177
  2945  0185                     l6165:	
  2946                           
  2947                           ;SC8F054_soft.c: 161: else
  2948                           ;SC8F054_soft.c: 162: {
  2949                           ;SC8F054_soft.c: 163: if((soft_recieve_control.stroge_flag == 2) && (led_control.quick_c
      +                          ontrol == 1))
  2950  0185  3002               	movlw	2
  2951  0186  0637               	xorwf	_soft_recieve_control+1,w
  2952  0187  1D03               	btfss	3,2
  2953  0188  298E               	goto	l6171
  2954  0189  0B34               	decfsz	_led_control+20,w
  2955  018A  298E               	goto	l6171
  2956                           
  2957                           ;SC8F054_soft.c: 164: {
  2958                           ;SC8F054_soft.c: 165: led_control.led_color = led_control.last_quick_led;
  2959  018B  0832               	movf	_led_control+18,w
  2960  018C  00A7               	movwf	_led_control+7
  2961                           
  2962                           ;SC8F054_soft.c: 166: }
  2963  018D  2995               	goto	l6177
  2964  018E                     l6171:	
  2965                           
  2966                           ;SC8F054_soft.c: 167: else if(led_control.quick_control == 0)
  2967  018E  0834               	movf	_led_control+20,w
  2968  018F  1D03               	btfss	3,2
  2969  0190  2995               	goto	l6177
  2970                           
  2971                           ;SC8F054_soft.c: 168: {
  2972                           ;SC8F054_soft.c: 169: if(led_control.led_color == 0)
  2973  0191  0827               	movf	_led_control+7,w
  2974  0192  1D03               	btfss	3,2
  2975  0193  2995               	goto	l6177
  2976                           
  2977                           ;SC8F054_soft.c: 170: led_control.led_color = 0;
  2978  0194  01A7               	clrf	_led_control+7
  2979  0195                     l6177:	
  2980                           
  2981                           ;SC8F054_soft.c: 171: }
  2982                           ;SC8F054_soft.c: 172: }
  2983                           ;SC8F054_soft.c: 175: if(soft_recieve_control.quick_flag == 1)
  2984  0195  1F36               	btfss	_soft_recieve_control,6
  2985  0196  29C2               	goto	l6079
  2986                           
  2987                           ;SC8F054_soft.c: 176: {
  2988                           ;SC8F054_soft.c: 177: if(led_control.last_quick_led >= 1)
  2989  0197  0832               	movf	_led_control+18,w
  2990  0198  1903               	btfsc	3,2
  2991  0199  299C               	goto	l6183
  2992                           
  2993                           ;SC8F054_soft.c: 178: led_control.led_mode = 4;
  2994  019A  3004               	movlw	4
  2995  019B  00A8               	movwf	_led_control+8
  2996  019C                     l6183:	
  2997                           
  2998                           ;SC8F054_soft.c: 179: soft_recieve_control.quick_flag = 0;
  2999  019C  1336               	bcf	_soft_recieve_control,6
  3000  019D  29C2               	goto	l6079
  3001  019E                     l6187:	
  3002                           
  3003                           ;SC8F054_soft.c: 184: else if(soft_recieve_control.function_data == 0xF0)
  3004  019E  30F0               	movlw	240
  3005  019F  063E               	xorwf	_soft_recieve_control+8,w
  3006  01A0  1D03               	btfss	3,2
  3007  01A1  29C3               	goto	l6217
  3008                           
  3009                           ;SC8F054_soft.c: 185: {
  3010                           ;SC8F054_soft.c: 186: soft_recieve_control.recieve_bit = 1;
  3011  01A2  14B6               	bsf	_soft_recieve_control,1
  3012                           
  3013                           ;SC8F054_soft.c: 189: if((soft_data[2] & 0x0f) == soft_recieve_control.rand_num)
  3014  01A3  1683               	bsf	3,5	;RP0=1, select bank1
  3015  01A4  0822               	movf	(_soft_data^(0+128)+2),w
  3016  01A5  390F               	andlw	15
  3017  01A6  1283               	bcf	3,5	;RP0=0, select bank0
  3018  01A7  0643               	xorwf	_soft_recieve_control+13,w
  3019  01A8  1903               	btfsc	3,2
  3020                           
  3021                           ;SC8F054_soft.c: 190: {
  3022                           ;SC8F054_soft.c: 191: if(!soft_recieve_control.Snowflake_flag)
  3023  01A9  1A36               	btfsc	_soft_recieve_control,4
  3024  01AA  29B7               	goto	l6205
  3025  01AB  3002               	movlw	2
  3026                           
  3027                           ;SC8F054_soft.c: 192: {
  3028                           ;SC8F054_soft.c: 193: soft_recieve_control.randnum_flag = 1;
  3029  01AC  16B6               	bsf	_soft_recieve_control,5
  3030                           
  3031                           ;SC8F054_soft.c: 194: soft_recieve_control.Snowflake_flag = 1;
  3032  01AD  1636               	bsf	_soft_recieve_control,4
  3033                           
  3034                           ;SC8F054_soft.c: 195: soft_recieve_control.Snowflake_dit_off = 0;
  3035  01AE  01C6               	clrf	_soft_recieve_control+16
  3036                           
  3037                           ;SC8F054_soft.c: 196: led_control.led_mode = 2;
  3038  01AF  00A8               	movwf	_led_control+8
  3039                           
  3040                           ;SC8F054_soft.c: 197: led_control.led_color = ((soft_data[2] >> 4) & 0x0f);
  3041  01B0  1683               	bsf	3,5	;RP0=1, select bank1
  3042  01B1  0E22               	swapf	(_soft_data^(0+128)+2),w
  3043  01B2  390F               	andlw	15
  3044  01B3  1283               	bcf	3,5	;RP0=0, select bank0
  3045  01B4  00A7               	movwf	_led_control+7
  3046  01B5  300F               	movlw	15
  3047  01B6  05A7               	andwf	_led_control+7,f
  3048  01B7                     l6205:	
  3049                           
  3050                           ;SC8F054_soft.c: 198: }
  3051                           ;SC8F054_soft.c: 199: }
  3052                           ;SC8F054_soft.c: 202: if(soft_recieve_control.Snowflake_flag)
  3053  01B7  1E36               	btfss	_soft_recieve_control,4
  3054  01B8  29C2               	goto	l6079
  3055                           
  3056                           ;SC8F054_soft.c: 203: {
  3057                           ;SC8F054_soft.c: 204: if(++soft_recieve_control.Snowflake_dit_off > 2)
  3058  01B9  3003               	movlw	3
  3059  01BA  0AC6               	incf	_soft_recieve_control+16,f
  3060  01BB  0246               	subwf	_soft_recieve_control+16,w
  3061  01BC  1C03               	skipc
  3062  01BD  29C2               	goto	l6079
  3063                           
  3064                           ;SC8F054_soft.c: 205: {
  3065                           ;SC8F054_soft.c: 207: led_control.led_mode = 1;
  3066  01BE  01A8               	clrf	_led_control+8
  3067  01BF  0AA8               	incf	_led_control+8,f
  3068                           
  3069                           ;SC8F054_soft.c: 208: soft_recieve_control.Snowflake_dit_off = 0;
  3070  01C0  01C6               	clrf	_soft_recieve_control+16
  3071                           
  3072                           ;SC8F054_soft.c: 209: soft_recieve_control.Snowflake_flag = 0;
  3073  01C1  1236               	bcf	_soft_recieve_control,4
  3074  01C2                     l6079:	
  3075                           
  3076                           ;SC8F054_soft.c: 93: }
  3077                           ;SC8F054_soft.c: 94: soft_recieve_control.clear_bit = 1;
  3078  01C2  1536               	bsf	_soft_recieve_control,2
  3079  01C3                     l6217:	
  3080                           
  3081                           ;SC8F054_soft.c: 214: }
  3082                           ;SC8F054_soft.c: 215: if(soft_recieve_control.clear_bit)
  3083  01C3  1D36               	btfss	_soft_recieve_control,2
  3084  01C4  0008               	return
  3085                           
  3086                           ;SC8F054_soft.c: 216: {
  3087                           ;SC8F054_soft.c: 217: soft_recieve_control.data_length_count = 0;
  3088  01C5  01BC               	clrf	_soft_recieve_control+6
  3089                           
  3090                           ;SC8F054_soft.c: 218: soft_recieve_control.clear_bit = 0;
  3091  01C6  1136               	bcf	_soft_recieve_control,2
  3092                           
  3093                           ;SC8F054_soft.c: 219: soft_recieve_control.Channel = 0;
  3094  01C7  01C4               	clrf	_soft_recieve_control+14
  3095                           
  3096                           ;SC8F054_soft.c: 220: soft_data[0] = 0;
  3097  01C8  1683               	bsf	3,5	;RP0=1, select bank1
  3098  01C9  01A0               	clrf	_soft_data^(0+128)
  3099                           
  3100                           ;SC8F054_soft.c: 221: soft_recieve_control.function_data = 0;
  3101  01CA  1283               	bcf	3,5	;RP0=0, select bank0
  3102  01CB  01BE               	clrf	_soft_recieve_control+8
  3103  01CC  0008               	return
  3104  01CD                     __end_of_Soft_Decode:	
  3105                           
  3106                           	psect	text17
  3107  04D0                     __ptext17:	
  3108 ;; *************** function ___awmod *****************
  3109 ;; Defined at:
  3110 ;;		line 6 in file "D:\QW\QW-中微\SC8F054_DK\IDE\SCMCU_IDE_V2.00.17_Beta3\data\sources\common\awmod.c"
  3111 ;; Parameters:    Size  Location     Type
  3112 ;;  divisor         2    0[BANK0 ] int 
  3113 ;;  dividend        2    2[BANK0 ] int 
  3114 ;; Auto vars:     Size  Location     Type
  3115 ;;  sign            1    5[BANK0 ] unsigned char 
  3116 ;;  counter         1    4[BANK0 ] unsigned char 
  3117 ;; Return value:  Size  Location     Type
  3118 ;;                  2    0[BANK0 ] int 
  3119 ;; Registers used:
  3120 ;;		wreg, status,2, status,0
  3121 ;; Tracked objects:
  3122 ;;		On entry : 900/0
  3123 ;;		On exit  : 900/0
  3124 ;;		Unchanged: 800/0
  3125 ;; Data sizes:     COMMON   BANK0   BANK1
  3126 ;;      Params:         0       4       0
  3127 ;;      Locals:         0       2       0
  3128 ;;      Temps:          0       0       0
  3129 ;;      Totals:         0       6       0
  3130 ;;Total ram usage:        6 bytes
  3131 ;; Hardware stack levels used:    1
  3132 ;; Hardware stack levels required when called:    2
  3133 ;; This function calls:
  3134 ;;		Nothing
  3135 ;; This function is called by:
  3136 ;;		_Soft_Decode
  3137 ;; This function uses a non-reentrant model
  3138 ;;
  3139                           
  3140                           
  3141                           ;psect for function ___awmod
  3142  04D0                     ___awmod:	
  3143                           
  3144                           ;incstack = 0
  3145                           ; Regs used in ___awmod: [wreg+status,2+status,0]
  3146  04D0  01D0               	clrf	___awmod@sign
  3147  04D1  1FCE               	btfss	___awmod@dividend+1,7
  3148  04D2  2CDA               	goto	l5771
  3149  04D3  09CD               	comf	___awmod@dividend,f
  3150  04D4  09CE               	comf	___awmod@dividend+1,f
  3151  04D5  0ACD               	incf	___awmod@dividend,f
  3152  04D6  1903               	skipnz
  3153  04D7  0ACE               	incf	___awmod@dividend+1,f
  3154  04D8  01D0               	clrf	___awmod@sign
  3155  04D9  0AD0               	incf	___awmod@sign,f
  3156  04DA                     l5771:	
  3157  04DA  1FCC               	btfss	___awmod@divisor+1,7
  3158  04DB  2CE1               	goto	l5775
  3159  04DC  09CB               	comf	___awmod@divisor,f
  3160  04DD  09CC               	comf	___awmod@divisor+1,f
  3161  04DE  0ACB               	incf	___awmod@divisor,f
  3162  04DF  1903               	skipnz
  3163  04E0  0ACC               	incf	___awmod@divisor+1,f
  3164  04E1                     l5775:	
  3165  04E1  084B               	movf	___awmod@divisor,w
  3166  04E2  044C               	iorwf	___awmod@divisor+1,w
  3167  04E3  1903               	btfsc	3,2
  3168  04E4  2D00               	goto	l5791
  3169  04E5  01CF               	clrf	___awmod@counter
  3170  04E6                     L2:	
  3171  04E6  0ACF               	incf	___awmod@counter,f
  3172  04E7  1BCC               	btfsc	___awmod@divisor+1,7
  3173  04E8  2CED               	goto	l5783
  3174  04E9  1003               	clrc
  3175  04EA  0DCB               	rlf	___awmod@divisor,f
  3176  04EB  0DCC               	rlf	___awmod@divisor+1,f
  3177  04EC  2CE6               	goto	L2
  3178  04ED                     l5783:	
  3179  04ED  084C               	movf	___awmod@divisor+1,w
  3180  04EE  024E               	subwf	___awmod@dividend+1,w
  3181  04EF  1D03               	skipz
  3182  04F0  2CF3               	goto	u1295
  3183  04F1  084B               	movf	___awmod@divisor,w
  3184  04F2  024D               	subwf	___awmod@dividend,w
  3185  04F3                     u1295:	
  3186  04F3  1C03               	skipc
  3187  04F4  2CFC               	goto	L3
  3188  04F5  084B               	movf	___awmod@divisor,w
  3189  04F6  02CD               	subwf	___awmod@dividend,f
  3190  04F7  084C               	movf	___awmod@divisor+1,w
  3191  04F8  1C03               	skipc
  3192  04F9  03CE               	decf	___awmod@dividend+1,f
  3193  04FA  02CE               	subwf	___awmod@dividend+1,f
  3194  04FB  1003               	clrc
  3195  04FC                     L3:	
  3196  04FC  0CCC               	rrf	___awmod@divisor+1,f
  3197  04FD  0CCB               	rrf	___awmod@divisor,f
  3198  04FE  0BCF               	decfsz	___awmod@counter,f
  3199  04FF  2CED               	goto	l5783
  3200  0500                     l5791:	
  3201  0500  0850               	movf	___awmod@sign,w
  3202  0501  1903               	btfsc	3,2
  3203  0502  2D08               	goto	l5795
  3204  0503  09CD               	comf	___awmod@dividend,f
  3205  0504  09CE               	comf	___awmod@dividend+1,f
  3206  0505  0ACD               	incf	___awmod@dividend,f
  3207  0506  1903               	skipnz
  3208  0507  0ACE               	incf	___awmod@dividend+1,f
  3209  0508                     l5795:	
  3210  0508  084E               	movf	___awmod@dividend+1,w
  3211  0509  00CC               	movwf	?___awmod+1
  3212  050A  084D               	movf	___awmod@dividend,w
  3213  050B  00CB               	movwf	?___awmod
  3214  050C  0008               	return
  3215  050D                     __end_of___awmod:	
  3216                           
  3217                           	psect	text18
  3218  07B0                     __ptext18:	
  3219 ;; *************** function _RF_SPI_Read_Reg *****************
  3220 ;; Defined at:
  3221 ;;		line 78 in file "D:\QW\QW-项目\QW-247\程序\手环-中微-程序-16通道-2.4G\QW-247_SC8F054_V1.0_16M2T_16Channel\SC8F054_xl
      +2400t.c"
  3222 ;; Parameters:    Size  Location     Type
  3223 ;;  RF_Reg          1    wreg     unsigned char 
  3224 ;; Auto vars:     Size  Location     Type
  3225 ;;  RF_Reg          1    2[BANK0 ] unsigned char 
  3226 ;;  rTemp           1    3[BANK0 ] unsigned char 
  3227 ;; Return value:  Size  Location     Type
  3228 ;;                  1    wreg      unsigned char 
  3229 ;; Registers used:
  3230 ;;		wreg, status,2, status,0, pclath, cstack
  3231 ;; Tracked objects:
  3232 ;;		On entry : 100/0
  3233 ;;		On exit  : 100/0
  3234 ;;		Unchanged: 0/0
  3235 ;; Data sizes:     COMMON   BANK0   BANK1
  3236 ;;      Params:         0       0       0
  3237 ;;      Locals:         0       2       0
  3238 ;;      Temps:          0       0       0
  3239 ;;      Totals:         0       2       0
  3240 ;;Total ram usage:        2 bytes
  3241 ;; Hardware stack levels used:    1
  3242 ;; Hardware stack levels required when called:    3
  3243 ;; This function calls:
  3244 ;;		_RF_SPI_Read_Byte
  3245 ;;		_RF_SPI_Write_Byte
  3246 ;; This function is called by:
  3247 ;;		_RF_Set_Chn
  3248 ;;		_RF_RX_Data
  3249 ;; This function uses a non-reentrant model
  3250 ;;
  3251                           
  3252                           
  3253                           ;psect for function _RF_SPI_Read_Reg
  3254  07B0                     _RF_SPI_Read_Reg:	
  3255                           
  3256                           ;incstack = 0
  3257                           ; Regs used in _RF_SPI_Read_Reg: [wreg+status,2+status,0+pclath+cstack]
  3258                           ;RF_SPI_Read_Reg@RF_Reg stored from wreg
  3259  07B0  00CD               	movwf	RF_SPI_Read_Reg@RF_Reg
  3260                           
  3261                           ;SC8F054_xl2400t.c: 81: RB0 = 0;
  3262  07B1  1006               	bcf	6,0	;volatile
  3263                           
  3264                           ;SC8F054_xl2400t.c: 82: RF_SPI_Write_Byte(RF_Reg);
  3265  07B2  26DD               	fcall	_RF_SPI_Write_Byte
  3266                           
  3267                           ;SC8F054_xl2400t.c: 83: rTemp = RF_SPI_Read_Byte();
  3268  07B3  2717               	fcall	_RF_SPI_Read_Byte
  3269  07B4  00CE               	movwf	RF_SPI_Read_Reg@rTemp
  3270                           
  3271                           ;SC8F054_xl2400t.c: 84: RB0 = 1;
  3272  07B5  1406               	bsf	6,0	;volatile
  3273                           
  3274                           ;SC8F054_xl2400t.c: 85: return rTemp;
  3275  07B6  0008               	return
  3276  07B7                     __end_of_RF_SPI_Read_Reg:	
  3277                           
  3278                           	psect	text19
  3279  0717                     __ptext19:	
  3280 ;; *************** function _RF_SPI_Read_Byte *****************
  3281 ;; Defined at:
  3282 ;;		line 40 in file "D:\QW\QW-项目\QW-247\程序\手环-中微-程序-16通道-2.4G\QW-247_SC8F054_V1.0_16M2T_16Channel\SC8F054_xl
      +2400t.c"
  3283 ;; Parameters:    Size  Location     Type
  3284 ;;		None
  3285 ;; Auto vars:     Size  Location     Type
  3286 ;;  i               1    1[BANK0 ] unsigned char 
  3287 ;;  buff            1    0[BANK0 ] unsigned char 
  3288 ;; Return value:  Size  Location     Type
  3289 ;;                  1    wreg      unsigned char 
  3290 ;; Registers used:
  3291 ;;		wreg, status,2, status,0
  3292 ;; Tracked objects:
  3293 ;;		On entry : 100/0
  3294 ;;		On exit  : 100/0
  3295 ;;		Unchanged: 0/0
  3296 ;; Data sizes:     COMMON   BANK0   BANK1
  3297 ;;      Params:         0       0       0
  3298 ;;      Locals:         0       2       0
  3299 ;;      Temps:          0       0       0
  3300 ;;      Totals:         0       2       0
  3301 ;;Total ram usage:        2 bytes
  3302 ;; Hardware stack levels used:    1
  3303 ;; Hardware stack levels required when called:    2
  3304 ;; This function calls:
  3305 ;;		Nothing
  3306 ;; This function is called by:
  3307 ;;		_RF_SPI_Read_Reg
  3308 ;;		_RF_Read_Buff
  3309 ;;		_RF_RX_Data
  3310 ;; This function uses a non-reentrant model
  3311 ;;
  3312                           
  3313                           
  3314                           ;psect for function _RF_SPI_Read_Byte
  3315  0717                     _RF_SPI_Read_Byte:	
  3316                           
  3317                           ;SC8F054_xl2400t.c: 42: TRISB = 0B00100000;
  3318                           
  3319                           ;incstack = 0
  3320                           ; Regs used in _RF_SPI_Read_Byte: [wreg+status,2+status,0]
  3321  0717  3020               	movlw	32
  3322  0718  0085               	movwf	5	;volatile
  3323                           
  3324                           ;SC8F054_xl2400t.c: 43: unsigned char buff = 0;
  3325  0719  01CB               	clrf	RF_SPI_Read_Byte@buff
  3326                           
  3327                           ;SC8F054_xl2400t.c: 46: for(i = 0; i < 8; i++)
  3328  071A  01CC               	clrf	RF_SPI_Read_Byte@i
  3329  071B                     l3501:	
  3330                           
  3331                           ;SC8F054_xl2400t.c: 47: {
  3332                           ;SC8F054_xl2400t.c: 48: RB4 = 0;
  3333  071B  1206               	bcf	6,4	;volatile
  3334                           
  3335                           ;SC8F054_xl2400t.c: 49: buff = buff << 1;
  3336  071C  1003               	clrc
  3337  071D  0DCB               	rlf	RF_SPI_Read_Byte@buff,f
  3338                           
  3339                           ;SC8F054_xl2400t.c: 50: RB4 = 1;
  3340  071E  1606               	bsf	6,4	;volatile
  3341                           
  3342                           ;SC8F054_xl2400t.c: 51: if(RB5)
  3343  071F  1A86               	btfsc	6,5	;volatile
  3344                           
  3345                           ;SC8F054_xl2400t.c: 52: {
  3346                           ;SC8F054_xl2400t.c: 53: buff |= 0x01;
  3347  0720  144B               	bsf	RF_SPI_Read_Byte@buff,0
  3348  0721  3008               	movlw	8
  3349  0722  0ACC               	incf	RF_SPI_Read_Byte@i,f
  3350  0723  024C               	subwf	RF_SPI_Read_Byte@i,w
  3351  0724  1C03               	skipc
  3352  0725  2F1B               	goto	l3501
  3353                           
  3354                           ;SC8F054_xl2400t.c: 54: }
  3355                           ;SC8F054_xl2400t.c: 55: }
  3356                           ;SC8F054_xl2400t.c: 56: RB4 = 0;
  3357  0726  1206               	bcf	6,4	;volatile
  3358                           
  3359                           ;SC8F054_xl2400t.c: 57: return buff;
  3360  0727  084B               	movf	RF_SPI_Read_Byte@buff,w
  3361  0728  0008               	return
  3362  0729                     __end_of_RF_SPI_Read_Byte:	
  3363                           
  3364                           	psect	text20
  3365  0765                     __ptext20:	
  3366 ;; *************** function _RF_Refresh_State *****************
  3367 ;; Defined at:
  3368 ;;		line 148 in file "D:\QW\QW-项目\QW-247\程序\手环-中微-程序-16通道-2.4G\QW-247_SC8F054_V1.0_16M2T_16Channel\SC8F054_x
      +l2400t.c"
  3369 ;; Parameters:    Size  Location     Type
  3370 ;;		None
  3371 ;; Auto vars:     Size  Location     Type
  3372 ;;		None
  3373 ;; Return value:  Size  Location     Type
  3374 ;;                  1    wreg      void 
  3375 ;; Registers used:
  3376 ;;		wreg, status,2, status,0, pclath, cstack
  3377 ;; Tracked objects:
  3378 ;;		On entry : 0/0
  3379 ;;		On exit  : 100/0
  3380 ;;		Unchanged: 0/0
  3381 ;; Data sizes:     COMMON   BANK0   BANK1
  3382 ;;      Params:         0       0       0
  3383 ;;      Locals:         0       0       0
  3384 ;;      Temps:          0       0       0
  3385 ;;      Totals:         0       0       0
  3386 ;;Total ram usage:        0 bytes
  3387 ;; Hardware stack levels used:    1
  3388 ;; Hardware stack levels required when called:    4
  3389 ;; This function calls:
  3390 ;;		_RF_SPI_Write_Reg
  3391 ;; This function is called by:
  3392 ;;		_RF_Rx_Mode
  3393 ;;		_RF_RX_Data
  3394 ;; This function uses a non-reentrant model
  3395 ;;
  3396                           
  3397                           
  3398                           ;psect for function _RF_Refresh_State
  3399  0765                     _RF_Refresh_State:	
  3400                           
  3401                           ;SC8F054_xl2400t.c: 150: RF_SPI_Write_Reg(0x20 + (0X07), 0x70);
  3402                           
  3403                           ;incstack = 0
  3404                           ; Regs used in _RF_Refresh_State: [wreg+status,2+status,0+pclath+cstack]
  3405  0765  3070               	movlw	112
  3406  0766  1283               	bcf	3,5	;RP0=0, select bank0
  3407  0767  00CD               	movwf	RF_SPI_Write_Reg@W_Data
  3408  0768  3027               	movlw	39
  3409  0769  27B7               	fcall	_RF_SPI_Write_Reg
  3410                           
  3411                           ;SC8F054_xl2400t.c: 151: RF_SPI_Write_Reg(0xE1, 0xFF);
  3412  076A  30FF               	movlw	255
  3413  076B  00CD               	movwf	RF_SPI_Write_Reg@W_Data
  3414  076C  30E1               	movlw	225
  3415  076D  27B7               	fcall	_RF_SPI_Write_Reg
  3416                           
  3417                           ;SC8F054_xl2400t.c: 152: RF_SPI_Write_Reg(0xE2, 0xFF);
  3418  076E  30FF               	movlw	255
  3419  076F  00CD               	movwf	RF_SPI_Write_Reg@W_Data
  3420  0770  30E2               	movlw	226
  3421  0771  2FB7               	ljmp	_RF_SPI_Write_Reg
  3422  0772                     __end_of_RF_Refresh_State:	
  3423                           
  3424                           	psect	text21
  3425  07BE                     __ptext21:	
  3426 ;; *************** function _RF_CE_Low *****************
  3427 ;; Defined at:
  3428 ;;		line 138 in file "D:\QW\QW-项目\QW-247\程序\手环-中微-程序-16通道-2.4G\QW-247_SC8F054_V1.0_16M2T_16Channel\SC8F054_x
      +l2400t.c"
  3429 ;; Parameters:    Size  Location     Type
  3430 ;;		None
  3431 ;; Auto vars:     Size  Location     Type
  3432 ;;		None
  3433 ;; Return value:  Size  Location     Type
  3434 ;;                  1    wreg      void 
  3435 ;; Registers used:
  3436 ;;		wreg, status,2, status,0, pclath, cstack
  3437 ;; Tracked objects:
  3438 ;;		On entry : 100/0
  3439 ;;		On exit  : 100/0
  3440 ;;		Unchanged: 0/0
  3441 ;; Data sizes:     COMMON   BANK0   BANK1
  3442 ;;      Params:         0       0       0
  3443 ;;      Locals:         0       0       0
  3444 ;;      Temps:          0       0       0
  3445 ;;      Totals:         0       0       0
  3446 ;;Total ram usage:        0 bytes
  3447 ;; Hardware stack levels used:    1
  3448 ;; Hardware stack levels required when called:    4
  3449 ;; This function calls:
  3450 ;;		_RF_SPI_Write_Reg
  3451 ;; This function is called by:
  3452 ;;		_Sleep_Mode
  3453 ;;		_RF_RX_Data
  3454 ;; This function uses a non-reentrant model
  3455 ;;
  3456                           
  3457                           
  3458                           ;psect for function _RF_CE_Low
  3459  07BE                     _RF_CE_Low:	
  3460                           
  3461                           ;SC8F054_xl2400t.c: 140: RF_SPI_Write_Reg(0x20 + (0X00), 0xEE);
  3462                           
  3463                           ;incstack = 0
  3464                           ; Regs used in _RF_CE_Low: [wreg+status,2+status,0+pclath+cstack]
  3465  07BE  30EE               	movlw	238
  3466  07BF  00CD               	movwf	RF_SPI_Write_Reg@W_Data
  3467  07C0  3020               	movlw	32
  3468  07C1  2FB7               	ljmp	_RF_SPI_Write_Reg
  3469  07C2                     __end_of_RF_CE_Low:	
  3470                           
  3471                           	psect	text22
  3472  07C2                     __ptext22:	
  3473 ;; *************** function _RF_CE_High *****************
  3474 ;; Defined at:
  3475 ;;		line 130 in file "D:\QW\QW-项目\QW-247\程序\手环-中微-程序-16通道-2.4G\QW-247_SC8F054_V1.0_16M2T_16Channel\SC8F054_x
      +l2400t.c"
  3476 ;; Parameters:    Size  Location     Type
  3477 ;;		None
  3478 ;; Auto vars:     Size  Location     Type
  3479 ;;		None
  3480 ;; Return value:  Size  Location     Type
  3481 ;;                  1    wreg      void 
  3482 ;; Registers used:
  3483 ;;		wreg, status,2, status,0, pclath, cstack
  3484 ;; Tracked objects:
  3485 ;;		On entry : 100/0
  3486 ;;		On exit  : 100/0
  3487 ;;		Unchanged: 0/0
  3488 ;; Data sizes:     COMMON   BANK0   BANK1
  3489 ;;      Params:         0       0       0
  3490 ;;      Locals:         0       0       0
  3491 ;;      Temps:          0       0       0
  3492 ;;      Totals:         0       0       0
  3493 ;;Total ram usage:        0 bytes
  3494 ;; Hardware stack levels used:    1
  3495 ;; Hardware stack levels required when called:    4
  3496 ;; This function calls:
  3497 ;;		_RF_SPI_Write_Reg
  3498 ;; This function is called by:
  3499 ;;		_RF_Rx_Mode
  3500 ;;		_RF_RX_Data
  3501 ;; This function uses a non-reentrant model
  3502 ;;
  3503                           
  3504                           
  3505                           ;psect for function _RF_CE_High
  3506  07C2                     _RF_CE_High:	
  3507                           
  3508                           ;SC8F054_xl2400t.c: 132: RF_SPI_Write_Reg(0x20 + (0X00), 0xEF);
  3509                           
  3510                           ;incstack = 0
  3511                           ; Regs used in _RF_CE_High: [wreg+status,2+status,0+pclath+cstack]
  3512  07C2  30EF               	movlw	239
  3513  07C3  00CD               	movwf	RF_SPI_Write_Reg@W_Data
  3514  07C4  3020               	movlw	32
  3515  07C5  2FB7               	ljmp	_RF_SPI_Write_Reg
  3516  07C6                     __end_of_RF_CE_High:	
  3517                           
  3518                           	psect	text23
  3519  07B7                     __ptext23:	
  3520 ;; *************** function _RF_SPI_Write_Reg *****************
  3521 ;; Defined at:
  3522 ;;		line 65 in file "D:\QW\QW-项目\QW-247\程序\手环-中微-程序-16通道-2.4G\QW-247_SC8F054_V1.0_16M2T_16Channel\SC8F054_xl
      +2400t.c"
  3523 ;; Parameters:    Size  Location     Type
  3524 ;;  RF_Reg          1    wreg     unsigned char 
  3525 ;;  W_Data          1    2[BANK0 ] unsigned char 
  3526 ;; Auto vars:     Size  Location     Type
  3527 ;;  RF_Reg          1    3[BANK0 ] unsigned char 
  3528 ;; Return value:  Size  Location     Type
  3529 ;;                  1    wreg      void 
  3530 ;; Registers used:
  3531 ;;		wreg, status,2, status,0, pclath, cstack
  3532 ;; Tracked objects:
  3533 ;;		On entry : 100/0
  3534 ;;		On exit  : 100/0
  3535 ;;		Unchanged: 0/0
  3536 ;; Data sizes:     COMMON   BANK0   BANK1
  3537 ;;      Params:         0       1       0
  3538 ;;      Locals:         0       1       0
  3539 ;;      Temps:          0       0       0
  3540 ;;      Totals:         0       2       0
  3541 ;;Total ram usage:        2 bytes
  3542 ;; Hardware stack levels used:    1
  3543 ;; Hardware stack levels required when called:    3
  3544 ;; This function calls:
  3545 ;;		_RF_SPI_Write_Byte
  3546 ;; This function is called by:
  3547 ;;		_Sleep_Mode
  3548 ;;		_RF_CE_High
  3549 ;;		_RF_CE_Low
  3550 ;;		_RF_Refresh_State
  3551 ;;		_RF_Set_Chn
  3552 ;;		_XL2400T_Init
  3553 ;; This function uses a non-reentrant model
  3554 ;;
  3555                           
  3556                           
  3557                           ;psect for function _RF_SPI_Write_Reg
  3558  07B7                     _RF_SPI_Write_Reg:	
  3559                           
  3560                           ;incstack = 0
  3561                           ; Regs used in _RF_SPI_Write_Reg: [wreg+status,2+status,0+pclath+cstack]
  3562                           ;RF_SPI_Write_Reg@RF_Reg stored from wreg
  3563  07B7  00CE               	movwf	RF_SPI_Write_Reg@RF_Reg
  3564                           
  3565                           ;SC8F054_xl2400t.c: 67: RB0 = 0;
  3566  07B8  1006               	bcf	6,0	;volatile
  3567                           
  3568                           ;SC8F054_xl2400t.c: 68: RF_SPI_Write_Byte(RF_Reg);
  3569  07B9  26DD               	fcall	_RF_SPI_Write_Byte
  3570                           
  3571                           ;SC8F054_xl2400t.c: 69: RF_SPI_Write_Byte(W_Data);
  3572  07BA  084D               	movf	RF_SPI_Write_Reg@W_Data,w
  3573  07BB  26DD               	fcall	_RF_SPI_Write_Byte
  3574                           
  3575                           ;SC8F054_xl2400t.c: 70: RB0 = 1;
  3576  07BC  1406               	bsf	6,0	;volatile
  3577  07BD  0008               	return
  3578  07BE                     __end_of_RF_SPI_Write_Reg:	
  3579                           
  3580                           	psect	text24
  3581  06DD                     __ptext24:	
  3582 ;; *************** function _RF_SPI_Write_Byte *****************
  3583 ;; Defined at:
  3584 ;;		line 11 in file "D:\QW\QW-项目\QW-247\程序\手环-中微-程序-16通道-2.4G\QW-247_SC8F054_V1.0_16M2T_16Channel\SC8F054_xl
      +2400t.c"
  3585 ;; Parameters:    Size  Location     Type
  3586 ;;  buff            1    wreg     unsigned char 
  3587 ;; Auto vars:     Size  Location     Type
  3588 ;;  buff            1    0[BANK0 ] unsigned char 
  3589 ;;  i               1    1[BANK0 ] unsigned char 
  3590 ;; Return value:  Size  Location     Type
  3591 ;;                  1    wreg      void 
  3592 ;; Registers used:
  3593 ;;		wreg, status,2, status,0
  3594 ;; Tracked objects:
  3595 ;;		On entry : 100/0
  3596 ;;		On exit  : 100/0
  3597 ;;		Unchanged: 0/0
  3598 ;; Data sizes:     COMMON   BANK0   BANK1
  3599 ;;      Params:         0       0       0
  3600 ;;      Locals:         0       2       0
  3601 ;;      Temps:          0       0       0
  3602 ;;      Totals:         0       2       0
  3603 ;;Total ram usage:        2 bytes
  3604 ;; Hardware stack levels used:    1
  3605 ;; Hardware stack levels required when called:    2
  3606 ;; This function calls:
  3607 ;;		Nothing
  3608 ;; This function is called by:
  3609 ;;		_RF_SPI_Write_Reg
  3610 ;;		_RF_SPI_Read_Reg
  3611 ;;		_RF_Write_Buff
  3612 ;;		_RF_Read_Buff
  3613 ;;		_RF_RX_Data
  3614 ;; This function uses a non-reentrant model
  3615 ;;
  3616                           
  3617                           
  3618                           ;psect for function _RF_SPI_Write_Byte
  3619  06DD                     _RF_SPI_Write_Byte:	
  3620                           
  3621                           ;incstack = 0
  3622                           ; Regs used in _RF_SPI_Write_Byte: [wreg+status,2+status,0]
  3623                           ;RF_SPI_Write_Byte@buff stored from wreg
  3624  06DD  00CB               	movwf	RF_SPI_Write_Byte@buff
  3625                           
  3626                           ;SC8F054_xl2400t.c: 13: unsigned char i = 0;
  3627  06DE  01CC               	clrf	RF_SPI_Write_Byte@i
  3628                           
  3629                           ;SC8F054_xl2400t.c: 14: TRISB = 0B00000000;
  3630  06DF  0185               	clrf	5	;volatile
  3631                           
  3632                           ;SC8F054_xl2400t.c: 15: for(i = 0; i < 8; i++)
  3633  06E0  01CC               	clrf	RF_SPI_Write_Byte@i
  3634  06E1                     l3494:	
  3635                           
  3636                           ;SC8F054_xl2400t.c: 16: {
  3637                           ;SC8F054_xl2400t.c: 17: RB4 = 0;
  3638  06E1  1206               	bcf	6,4	;volatile
  3639                           
  3640                           ;SC8F054_xl2400t.c: 19: if(buff & 0x80)
  3641  06E2  1FCB               	btfss	RF_SPI_Write_Byte@buff,7
  3642  06E3  2EE6               	goto	l3496
  3643                           
  3644                           ;SC8F054_xl2400t.c: 20: {
  3645                           ;SC8F054_xl2400t.c: 21: RB5 = 1;
  3646  06E4  1686               	bsf	6,5	;volatile
  3647                           
  3648                           ;SC8F054_xl2400t.c: 22: }
  3649  06E5  2EE7               	goto	l3497
  3650  06E6                     l3496:	
  3651                           
  3652                           ;SC8F054_xl2400t.c: 23: else
  3653                           ;SC8F054_xl2400t.c: 24: {
  3654                           ;SC8F054_xl2400t.c: 25: RB5 = 0;
  3655  06E6  1286               	bcf	6,5	;volatile
  3656  06E7                     l3497:	
  3657                           
  3658                           ;SC8F054_xl2400t.c: 26: }
  3659                           ;SC8F054_xl2400t.c: 28: buff = buff << 1;
  3660  06E7  1003               	clrc
  3661  06E8  0DCB               	rlf	RF_SPI_Write_Byte@buff,f
  3662                           
  3663                           ;SC8F054_xl2400t.c: 29: RB4 = 1;
  3664  06E9  1606               	bsf	6,4	;volatile
  3665  06EA  3008               	movlw	8
  3666  06EB  0ACC               	incf	RF_SPI_Write_Byte@i,f
  3667  06EC  024C               	subwf	RF_SPI_Write_Byte@i,w
  3668  06ED  1C03               	skipc
  3669  06EE  2EE1               	goto	l3494
  3670                           
  3671                           ;SC8F054_xl2400t.c: 30: }
  3672                           ;SC8F054_xl2400t.c: 32: RB5 = 1;
  3673  06EF  1686               	bsf	6,5	;volatile
  3674                           
  3675                           ;SC8F054_xl2400t.c: 33: RB4 = 0;
  3676  06F0  1206               	bcf	6,4	;volatile
  3677  06F1  0008               	return
  3678  06F2                     __end_of_RF_SPI_Write_Byte:	
  3679                           
  3680                           	psect	text25
  3681  0544                     __ptext25:	
  3682 ;; *************** function _Key_Scan *****************
  3683 ;; Defined at:
  3684 ;;		line 9 in file "D:\QW\QW-项目\QW-247\程序\手环-中微-程序-16通道-2.4G\QW-247_SC8F054_V1.0_16M2T_16Channel\SC8F054_key
      +.c"
  3685 ;; Parameters:    Size  Location     Type
  3686 ;;		None
  3687 ;; Auto vars:     Size  Location     Type
  3688 ;;		None
  3689 ;; Return value:  Size  Location     Type
  3690 ;;                  1    wreg      void 
  3691 ;; Registers used:
  3692 ;;		wreg, status,2
  3693 ;; Tracked objects:
  3694 ;;		On entry : 100/0
  3695 ;;		On exit  : 100/0
  3696 ;;		Unchanged: 0/0
  3697 ;; Data sizes:     COMMON   BANK0   BANK1
  3698 ;;      Params:         0       0       0
  3699 ;;      Locals:         0       0       0
  3700 ;;      Temps:          0       0       0
  3701 ;;      Totals:         0       0       0
  3702 ;;Total ram usage:        0 bytes
  3703 ;; Hardware stack levels used:    1
  3704 ;; Hardware stack levels required when called:    2
  3705 ;; This function calls:
  3706 ;;		Nothing
  3707 ;; This function is called by:
  3708 ;;		_RF_RX_Data
  3709 ;; This function uses a non-reentrant model
  3710 ;;
  3711                           
  3712                           
  3713                           ;psect for function _Key_Scan
  3714  0544                     _Key_Scan:	
  3715                           
  3716                           ;SC8F054_key.c: 11: if (RB0)
  3717                           
  3718                           ;incstack = 0
  3719                           ; Regs used in _Key_Scan: [wreg+status,2]
  3720  0544  1C06               	btfss	6,0	;volatile
  3721  0545  2D66               	goto	l1170
  3722                           
  3723                           ;SC8F054_key.c: 12: {
  3724                           ;SC8F054_key.c: 13: if(!key_control.key_down_pb)
  3725  0546  18E9               	btfsc	_key_control,1
  3726  0547  2D52               	goto	l5899
  3727                           
  3728                           ;SC8F054_key.c: 14: {
  3729                           ;SC8F054_key.c: 15: key_control.key_rec_flag_pb = 1;
  3730  0548  1769               	bsf	_key_control,6
  3731                           
  3732                           ;SC8F054_key.c: 16: key_control.key_up_pb = 0;
  3733  0549  11E9               	bcf	_key_control,3
  3734                           
  3735                           ;SC8F054_key.c: 17: key_control.key_down_pb = 1;
  3736  054A  14E9               	bsf	_key_control,1
  3737                           
  3738                           ;SC8F054_key.c: 18: key_control.key_down_time_pb = 0;
  3739  054B  01EB               	clrf	_key_control+2
  3740  054C  01EC               	clrf	_key_control+3
  3741                           
  3742                           ;SC8F054_key.c: 19: key_control.key_up_time_pb = 0;
  3743  054D  01EA               	clrf	_key_control+1
  3744                           
  3745                           ;SC8F054_key.c: 20: key_control.key_flag_pb = 0;
  3746  054E  1169               	bcf	_key_control,2
  3747                           
  3748                           ;SC8F054_key.c: 21: key_control.key_long_flag_pb = 0;
  3749  054F  1269               	bcf	_key_control,4
  3750                           
  3751                           ;SC8F054_key.c: 22: key_control.key_pb = 0;
  3752  0550  1069               	bcf	_key_control,0
  3753                           
  3754                           ;SC8F054_key.c: 23: }
  3755  0551  0008               	return
  3756  0552                     l5899:	
  3757                           
  3758                           ;SC8F054_key.c: 24: else
  3759                           ;SC8F054_key.c: 25: {
  3760                           ;SC8F054_key.c: 26: if((key_control.key_down_time_pb > 70) && !key_control.key_flag_pb)
  3761  0552  3000               	movlw	0
  3762  0553  026C               	subwf	_key_control+3,w
  3763  0554  3047               	movlw	71
  3764  0555  1903               	skipnz
  3765  0556  026B               	subwf	_key_control+2,w
  3766  0557  1803               	btfsc	3,0
  3767  0558  1969               	btfsc	_key_control,2
  3768  0559  2D5B               	goto	l5905
  3769                           
  3770                           ;SC8F054_key.c: 27: {
  3771                           ;SC8F054_key.c: 28: key_control.key_flag_pb = 1;
  3772  055A  1569               	bsf	_key_control,2
  3773  055B                     l5905:	
  3774                           
  3775                           ;SC8F054_key.c: 29: }
  3776                           ;SC8F054_key.c: 30: if((key_control.key_down_time_pb > 1000) && !key_control.key_long_fl
      +                          ag_pb)
  3777  055B  3003               	movlw	3
  3778  055C  026C               	subwf	_key_control+3,w
  3779  055D  30E9               	movlw	233
  3780  055E  1903               	skipnz
  3781  055F  026B               	subwf	_key_control+2,w
  3782  0560  1803               	btfsc	3,0
  3783  0561  1A69               	btfsc	_key_control,4
  3784  0562  0008               	return
  3785                           
  3786                           ;SC8F054_key.c: 31: {
  3787                           ;SC8F054_key.c: 32: key_control.key_long_flag_pb = 1;
  3788  0563  1669               	bsf	_key_control,4
  3789                           
  3790                           ;SC8F054_key.c: 33: key_control.key_pb = 1;
  3791  0564  1469               	bsf	_key_control,0
  3792  0565  0008               	return
  3793  0566                     l1170:	
  3794                           
  3795                           ;SC8F054_key.c: 37: else
  3796                           ;SC8F054_key.c: 38: {
  3797                           ;SC8F054_key.c: 40: if(!key_control.key_up_pb)
  3798  0566  19E9               	btfsc	_key_control,3
  3799  0567  2D6B               	goto	l5915
  3800                           
  3801                           ;SC8F054_key.c: 41: {
  3802                           ;SC8F054_key.c: 42: key_control.key_up_pb = 1;
  3803  0568  15E9               	bsf	_key_control,3
  3804                           
  3805                           ;SC8F054_key.c: 43: key_control.key_up_time_pb = 0;
  3806  0569  01EA               	clrf	_key_control+1
  3807                           
  3808                           ;SC8F054_key.c: 44: }
  3809  056A  0008               	return
  3810  056B                     l5915:	
  3811                           
  3812                           ;SC8F054_key.c: 45: else
  3813                           ;SC8F054_key.c: 46: {
  3814                           ;SC8F054_key.c: 47: if(key_control.key_up_time_pb > 50)
  3815  056B  3033               	movlw	51
  3816  056C  026A               	subwf	_key_control+1,w
  3817  056D  1C03               	skipc
  3818  056E  0008               	return
  3819                           
  3820                           ;SC8F054_key.c: 48: {
  3821                           ;SC8F054_key.c: 49: key_control.key_down_pb = 0;
  3822  056F  10E9               	bcf	_key_control,1
  3823                           
  3824                           ;SC8F054_key.c: 50: if(key_control.key_flag_pb && (key_control.key_long_flag_pb == 0))
  3825  0570  1969               	btfsc	_key_control,2
  3826  0571  1A69               	btfsc	_key_control,4
  3827  0572  0008               	return
  3828                           
  3829                           ;SC8F054_key.c: 51: {
  3830                           ;SC8F054_key.c: 52: key_control.key_rec_flag_pb = 0;
  3831  0573  1369               	bcf	_key_control,6
  3832                           
  3833                           ;SC8F054_key.c: 53: key_control.key_flag_pb = 0;
  3834  0574  1169               	bcf	_key_control,2
  3835                           
  3836                           ;SC8F054_key.c: 54: key_control.key_pb = 1;
  3837  0575  1469               	bsf	_key_control,0
  3838  0576  0008               	return
  3839  0577                     __end_of_Key_Scan:	
  3840                           
  3841                           	psect	text26
  3842  0634                     __ptext26:	
  3843 ;; *************** function _Key_Event *****************
  3844 ;; Defined at:
  3845 ;;		line 65 in file "D:\QW\QW-项目\QW-247\程序\手环-中微-程序-16通道-2.4G\QW-247_SC8F054_V1.0_16M2T_16Channel\SC8F054_ke
      +y.c"
  3846 ;; Parameters:    Size  Location     Type
  3847 ;;		None
  3848 ;; Auto vars:     Size  Location     Type
  3849 ;;		None
  3850 ;; Return value:  Size  Location     Type
  3851 ;;                  1    wreg      void 
  3852 ;; Registers used:
  3853 ;;		wreg, status,2, status,0
  3854 ;; Tracked objects:
  3855 ;;		On entry : 100/0
  3856 ;;		On exit  : 100/0
  3857 ;;		Unchanged: 0/0
  3858 ;; Data sizes:     COMMON   BANK0   BANK1
  3859 ;;      Params:         0       0       0
  3860 ;;      Locals:         0       0       0
  3861 ;;      Temps:          0       0       0
  3862 ;;      Totals:         0       0       0
  3863 ;;Total ram usage:        0 bytes
  3864 ;; Hardware stack levels used:    1
  3865 ;; Hardware stack levels required when called:    2
  3866 ;; This function calls:
  3867 ;;		Nothing
  3868 ;; This function is called by:
  3869 ;;		_RF_RX_Data
  3870 ;; This function uses a non-reentrant model
  3871 ;;
  3872                           
  3873                           
  3874                           ;psect for function _Key_Event
  3875  0634                     _Key_Event:	
  3876                           
  3877                           ;SC8F054_key.c: 67: if(key_control.key_pb && key_control.key_long_flag_pb)
  3878                           
  3879                           ;incstack = 0
  3880                           ; Regs used in _Key_Event: [wreg+status,2+status,0]
  3881  0634  1869               	btfsc	_key_control,0
  3882  0635  1E69               	btfss	_key_control,4
  3883  0636  2E42               	goto	l1183
  3884                           
  3885                           ;SC8F054_key.c: 68: {
  3886                           ;SC8F054_key.c: 69: key_control.key_pb = 0;
  3887  0637  1069               	bcf	_key_control,0
  3888                           
  3889                           ;SC8F054_key.c: 70: if(!soft_recieve_control.recieve_bit)
  3890  0638  18B6               	btfsc	_soft_recieve_control,1
  3891  0639  0008               	return
  3892  063A  3003               	movlw	3
  3893                           
  3894                           ;SC8F054_key.c: 71: {
  3895                           ;SC8F054_key.c: 72: led_control.led_color = 0;
  3896  063B  01A7               	clrf	_led_control+7
  3897                           
  3898                           ;SC8F054_key.c: 73: led_control.led_mode = 0;
  3899  063C  01A8               	clrf	_led_control+8
  3900                           
  3901                           ;SC8F054_key.c: 74: sleep_control.sleep_count = 3;
  3902  063D  00F8               	movwf	_sleep_control+1
  3903  063E  01F9               	clrf	_sleep_control+2
  3904                           
  3905                           ;SC8F054_key.c: 75: sleep_control.sleep_flag = 1;
  3906  063F  1477               	bsf	_sleep_control,0
  3907                           
  3908                           ;SC8F054_key.c: 76: sleep_control.recieve_sleep_flag = 0;
  3909  0640  10F7               	bcf	_sleep_control,1
  3910                           
  3911                           ;SC8F054_key.c: 77: }
  3912                           ;SC8F054_key.c: 78: }
  3913  0641  0008               	return
  3914  0642                     l1183:	
  3915                           
  3916                           ;SC8F054_key.c: 79: else if(key_control.key_pb == 1)
  3917  0642  1C69               	btfss	_key_control,0
  3918  0643  0008               	return
  3919                           
  3920                           ;SC8F054_key.c: 80: {
  3921                           ;SC8F054_key.c: 81: key_control.key_pb = 0;
  3922  0644  1069               	bcf	_key_control,0
  3923                           
  3924                           ;SC8F054_key.c: 82: if(!soft_recieve_control.recieve_bit)
  3925  0645  18B6               	btfsc	_soft_recieve_control,1
  3926  0646  0008               	return
  3927                           
  3928                           ;SC8F054_key.c: 83: {
  3929                           ;SC8F054_key.c: 84: sleep_control.sleep_count = 20;
  3930  0647  3014               	movlw	20
  3931  0648  00F8               	movwf	_sleep_control+1
  3932  0649  3010               	movlw	16
  3933  064A  01F9               	clrf	_sleep_control+2
  3934                           
  3935                           ;SC8F054_key.c: 85: sleep_control.recieve_sleep_flag = 1;
  3936  064B  14F7               	bsf	_sleep_control,1
  3937                           
  3938                           ;SC8F054_key.c: 86: soft_recieve_control.randnum_flag = 0;
  3939  064C  12B6               	bcf	_soft_recieve_control,5
  3940                           
  3941                           ;SC8F054_key.c: 88: if(led_control.led_mode == 16)
  3942  064D  0628               	xorwf	_led_control+8,w
  3943  064E  1D03               	btfss	3,2
  3944  064F  2E54               	goto	l5951
  3945  0650  3002               	movlw	2
  3946                           
  3947                           ;SC8F054_key.c: 89: {
  3948                           ;SC8F054_key.c: 90: led_control.led_color = 0;
  3949  0651  01A7               	clrf	_led_control+7
  3950                           
  3951                           ;SC8F054_key.c: 91: led_control.led_mode = 2;
  3952  0652  00A8               	movwf	_led_control+8
  3953                           
  3954                           ;SC8F054_key.c: 92: }
  3955  0653  0008               	return
  3956  0654                     l5951:	
  3957  0654  3010               	movlw	16
  3958                           
  3959                           ;SC8F054_key.c: 93: else
  3960                           ;SC8F054_key.c: 94: {
  3961                           ;SC8F054_key.c: 95: led_control.led_color++;
  3962  0655  0AA7               	incf	_led_control+7,f
  3963                           
  3964                           ;SC8F054_key.c: 96: if(led_control.led_color >= 16)
  3965  0656  0227               	subwf	_led_control+7,w
  3966  0657  1C03               	skipc
  3967  0658  0008               	return
  3968                           
  3969                           ;SC8F054_key.c: 97: {
  3970                           ;SC8F054_key.c: 98: led_control.led_mode = 16;
  3971  0659  3010               	movlw	16
  3972  065A  00A8               	movwf	_led_control+8
  3973  065B  0008               	return
  3974  065C                     __end_of_Key_Event:	
  3975                           
  3976                           	psect	text27
  3977  0772                     __ptext27:	
  3978 ;; *************** function _Delay_3us *****************
  3979 ;; Defined at:
  3980 ;;		line 154 in file "D:\QW\QW-项目\QW-247\程序\手环-中微-程序-16通道-2.4G\QW-247_SC8F054_V1.0_16M2T_16Channel\SC8F054_i
      +nit.c"
  3981 ;; Parameters:    Size  Location     Type
  3982 ;;		None
  3983 ;; Auto vars:     Size  Location     Type
  3984 ;;  j               1    1[BANK0 ] unsigned char 
  3985 ;;  i               1    0[BANK0 ] unsigned char 
  3986 ;; Return value:  Size  Location     Type
  3987 ;;                  1    wreg      void 
  3988 ;; Registers used:
  3989 ;;		wreg, status,2, status,0
  3990 ;; Tracked objects:
  3991 ;;		On entry : 100/0
  3992 ;;		On exit  : 100/0
  3993 ;;		Unchanged: 0/0
  3994 ;; Data sizes:     COMMON   BANK0   BANK1
  3995 ;;      Params:         0       0       0
  3996 ;;      Locals:         0       2       0
  3997 ;;      Temps:          0       0       0
  3998 ;;      Totals:         0       2       0
  3999 ;;Total ram usage:        2 bytes
  4000 ;; Hardware stack levels used:    1
  4001 ;; Hardware stack levels required when called:    2
  4002 ;; This function calls:
  4003 ;;		Nothing
  4004 ;; This function is called by:
  4005 ;;		_RF_RX_Data
  4006 ;; This function uses a non-reentrant model
  4007 ;;
  4008                           
  4009                           
  4010                           ;psect for function _Delay_3us
  4011  0772                     _Delay_3us:	
  4012  0772                     l5959:	
  4013                           ;incstack = 0
  4014                           ; Regs used in _Delay_3us: [wreg+status,2+status,0]
  4015                           
  4016                           
  4017                           ;SC8F054_init.c: 156: unsigned char i,j;
  4018                           ;SC8F054_init.c: 157: for(i=1;i>0;i--)
  4019  0772  01CB               	clrf	Delay_3us@i
  4020  0773  0ACB               	incf	Delay_3us@i,f
  4021  0774                     l1767:	
  4022  0774  0000               	nop	;# 
  4023                           
  4024                           ;SC8F054_init.c: 160: for(j=5;j>0;j--);
  4025  0775  3005               	movlw	5
  4026  0776  1283               	bcf	3,5	;RP0=0, select bank0
  4027  0777  00CC               	movwf	Delay_3us@j
  4028  0778                     l5971:	
  4029  0778  0BCC               	decfsz	Delay_3us@j,f
  4030  0779  2F78               	goto	l5971
  4031  077A  03CB               	decf	Delay_3us@i,f
  4032  077B  084B               	movf	Delay_3us@i,w
  4033  077C  1903               	btfsc	3,2
  4034  077D  0008               	return
  4035  077E  2F74               	goto	l1767
  4036  077F                     __end_of_Delay_3us:	
  4037                           
  4038                           	psect	text28
  4039  03C1                     __ptext28:	
  4040 ;; *************** function _Led_Color_Prg *****************
  4041 ;; Defined at:
  4042 ;;		line 42 in file "D:\QW\QW-项目\QW-247\程序\手环-中微-程序-16通道-2.4G\QW-247_SC8F054_V1.0_16M2T_16Channel\SC8F054_le
      +d.c"
  4043 ;; Parameters:    Size  Location     Type
  4044 ;;		None
  4045 ;; Auto vars:     Size  Location     Type
  4046 ;;		None
  4047 ;; Return value:  Size  Location     Type
  4048 ;;                  1    wreg      void 
  4049 ;; Registers used:
  4050 ;;		wreg, fsr0l, fsr0h, status,2, status,0, pclath, cstack
  4051 ;; Tracked objects:
  4052 ;;		On entry : 100/0
  4053 ;;		On exit  : 100/0
  4054 ;;		Unchanged: 0/0
  4055 ;; Data sizes:     COMMON   BANK0   BANK1
  4056 ;;      Params:         0       0       0
  4057 ;;      Locals:         0       0       0
  4058 ;;      Temps:          0       0       0
  4059 ;;      Totals:         0       0       0
  4060 ;;Total ram usage:        0 bytes
  4061 ;; Hardware stack levels used:    1
  4062 ;; Hardware stack levels required when called:    4
  4063 ;; This function calls:
  4064 ;;		_map_0_255_to_1000_0
  4065 ;; This function is called by:
  4066 ;;		_main
  4067 ;; This function uses a non-reentrant model
  4068 ;;
  4069                           
  4070                           
  4071                           ;psect for function _Led_Color_Prg
  4072  03C1                     _Led_Color_Prg:	
  4073                           
  4074                           ;SC8F054_led.c: 45: if((led_control.color_p != led_control.led_color) && (led_control.le
      +                          d_mode != 1))
  4075                           
  4076                           ;incstack = 0
  4077                           ; Regs used in _Led_Color_Prg: [wreg-fsr0h+status,2+status,0+pclath+cstack]
  4078  03C1  082D               	movf	_led_control+13,w
  4079  03C2  0627               	xorwf	_led_control+7,w
  4080  03C3  1903               	skipnz
  4081  03C4  2C2F               	goto	l6435
  4082  03C5  0328               	decf	_led_control+8,w
  4083  03C6  1903               	btfsc	3,2
  4084  03C7  2C2F               	goto	l6435
  4085                           
  4086                           ;SC8F054_led.c: 46: {
  4087                           ;SC8F054_led.c: 47: led_control.color_p = led_control.led_color;
  4088  03C8  0827               	movf	_led_control+7,w
  4089  03C9  00AD               	movwf	_led_control+13
  4090                           
  4091                           ;SC8F054_led.c: 48: switch(led_control.led_color)
  4092  03CA  2C1E               	goto	l6431
  4093  03CB                     l6359:	
  4094                           
  4095                           ;SC8F054_led.c: 51: led_control.red_duty = 0;
  4096  03CB  01A1               	clrf	_led_control+1
  4097                           
  4098                           ;SC8F054_led.c: 52: led_control.green_duty = 0;
  4099  03CC  01A2               	clrf	_led_control+2
  4100                           
  4101                           ;SC8F054_led.c: 53: led_control.blue_duty = 0;
  4102  03CD  01A3               	clrf	_led_control+3
  4103                           
  4104                           ;SC8F054_led.c: 54: PWMCON0 = 0X00;
  4105  03CE  0195               	clrf	21	;volatile
  4106                           
  4107                           ;SC8F054_led.c: 55: break;
  4108  03CF  2C29               	goto	l6433
  4109  03D0                     l6361:	
  4110                           
  4111                           ;SC8F054_led.c: 57: led_control.red_duty = 255;
  4112  03D0  30FF               	movlw	255
  4113  03D1  00A1               	movwf	_led_control+1
  4114                           
  4115                           ;SC8F054_led.c: 58: led_control.green_duty = 0;
  4116  03D2  01A2               	clrf	_led_control+2
  4117  03D3                     l6365:	
  4118  03D3  3016               	movlw	22
  4119                           
  4120                           ;SC8F054_led.c: 59: led_control.blue_duty = 0;
  4121  03D4  01A3               	clrf	_led_control+3
  4122  03D5  2C15               	goto	L12
  4123  03D6                     l6367:	
  4124                           ;SC8F054_led.c: 61: break;
  4125                           
  4126                           ;SC8F054_led.c: 60: PWMCON0 = 0X16;
  4127                           
  4128  03D6  30FF               	movlw	255
  4129                           
  4130                           ;SC8F054_led.c: 63: led_control.red_duty = 0;
  4131  03D7  01A1               	clrf	_led_control+1
  4132                           
  4133                           ;SC8F054_led.c: 64: led_control.green_duty = 255;
  4134  03D8  00A2               	movwf	_led_control+2
  4135  03D9  2BD3               	goto	l6365
  4136  03DA                     l6373:	
  4137                           
  4138                           ;SC8F054_led.c: 69: led_control.red_duty = 0;
  4139  03DA  01A1               	clrf	_led_control+1
  4140                           
  4141                           ;SC8F054_led.c: 70: led_control.green_duty = 0;
  4142  03DB  01A2               	clrf	_led_control+2
  4143  03DC  2BF4               	goto	L16
  4144  03DD                     l6379:	
  4145                           ;SC8F054_led.c: 73: break;
  4146                           
  4147                           ;SC8F054_led.c: 72: PWMCON0 = 0X16;
  4148                           
  4149                           ;SC8F054_led.c: 71: led_control.blue_duty = 255;
  4150                           
  4151                           
  4152                           ;SC8F054_led.c: 75: led_control.red_duty = 255;
  4153  03DD  30FF               	movlw	255
  4154  03DE  00A1               	movwf	_led_control+1
  4155  03DF  303C               	movlw	60
  4156                           
  4157                           ;SC8F054_led.c: 76: led_control.green_duty = 0;
  4158  03E0  01A2               	clrf	_led_control+2
  4159                           
  4160                           ;SC8F054_led.c: 77: led_control.blue_duty = 60;
  4161  03E1  2C13               	goto	L14
  4162  03E2                     l6387:	
  4163                           
  4164                           ;SC8F054_led.c: 81: led_control.red_duty = 255;
  4165  03E2  30FF               	movlw	255
  4166  03E3  00A1               	movwf	_led_control+1
  4167                           
  4168                           ;SC8F054_led.c: 82: led_control.green_duty = 255;
  4169  03E4  00A2               	movwf	_led_control+2
  4170  03E5  2C13               	goto	L14
  4171  03E6                     l6389:	
  4172                           ;SC8F054_led.c: 85: break;
  4173                           
  4174                           ;SC8F054_led.c: 84: PWMCON0 = 0X16;
  4175                           
  4176                           ;SC8F054_led.c: 83: led_control.blue_duty = 255;
  4177                           
  4178                           
  4179                           ;SC8F054_led.c: 87: led_control.red_duty = 160;
  4180  03E6  30A0               	movlw	160
  4181  03E7  00A1               	movwf	_led_control+1
  4182                           
  4183                           ;SC8F054_led.c: 88: led_control.green_duty = 50;
  4184  03E8  3032               	movlw	50
  4185  03E9                     L13:	
  4186  03E9  00A2               	movwf	_led_control+2
  4187                           
  4188                           ;SC8F054_led.c: 89: led_control.blue_duty = 0;
  4189  03EA  01A3               	clrf	_led_control+3
  4190  03EB  2C14               	goto	L15
  4191  03EC                     l6395:	
  4192                           
  4193                           ;SC8F054_led.c: 93: led_control.red_duty = 74;
  4194  03EC  304A               	movlw	74
  4195  03ED  00A1               	movwf	_led_control+1
  4196                           
  4197                           ;SC8F054_led.c: 94: led_control.green_duty = 255;
  4198  03EE  30FF               	movlw	255
  4199  03EF  2BF9               	goto	L17
  4200  03F0                     l6397:	
  4201                           ;SC8F054_led.c: 97: break;
  4202                           
  4203                           ;SC8F054_led.c: 96: PWMCON0 = 0X16;
  4204                           
  4205                           ;SC8F054_led.c: 95: led_control.blue_duty = 63;
  4206                           
  4207                           
  4208                           ;SC8F054_led.c: 99: led_control.red_duty = 50;
  4209  03F0  3032               	movlw	50
  4210  03F1  00A1               	movwf	_led_control+1
  4211                           
  4212                           ;SC8F054_led.c: 100: led_control.green_duty = 100;
  4213  03F2  3064               	movlw	100
  4214  03F3                     L18:	
  4215  03F3  00A2               	movwf	_led_control+2
  4216  03F4                     L16:	
  4217                           
  4218                           ;SC8F054_led.c: 101: led_control.blue_duty = 255;
  4219  03F4  30FF               	movlw	255
  4220  03F5  2C13               	goto	L14
  4221  03F6                     l6399:	
  4222                           ;SC8F054_led.c: 103: break;
  4223                           
  4224                           ;SC8F054_led.c: 102: PWMCON0 = 0X16;
  4225                           
  4226                           
  4227                           ;SC8F054_led.c: 105: led_control.red_duty = 205;
  4228  03F6  30CD               	movlw	205
  4229  03F7  00A1               	movwf	_led_control+1
  4230                           
  4231                           ;SC8F054_led.c: 106: led_control.green_duty = 43;
  4232  03F8  302B               	movlw	43
  4233  03F9                     L17:	
  4234  03F9  00A2               	movwf	_led_control+2
  4235                           
  4236                           ;SC8F054_led.c: 107: led_control.blue_duty = 63;
  4237  03FA  303F               	movlw	63
  4238  03FB  2C13               	goto	L14
  4239  03FC                     l6401:	
  4240                           ;SC8F054_led.c: 109: break;
  4241                           
  4242                           ;SC8F054_led.c: 108: PWMCON0 = 0X16;
  4243                           
  4244                           
  4245                           ;SC8F054_led.c: 111: led_control.red_duty = 255;
  4246  03FC  30FF               	movlw	255
  4247  03FD  00A1               	movwf	_led_control+1
  4248                           
  4249                           ;SC8F054_led.c: 112: led_control.green_duty = 160;
  4250  03FE  30A0               	movlw	160
  4251  03FF  00A2               	movwf	_led_control+2
  4252  0400  3016               	movlw	22
  4253                           
  4254                           ;SC8F054_led.c: 113: led_control.blue_duty = 1;
  4255  0401  01A3               	clrf	_led_control+3
  4256  0402  0AA3               	incf	_led_control+3,f
  4257  0403  2C15               	goto	L12
  4258  0404                     l6405:	
  4259                           ;SC8F054_led.c: 115: break;
  4260                           
  4261                           ;SC8F054_led.c: 114: PWMCON0 = 0X16;
  4262                           
  4263                           
  4264                           ;SC8F054_led.c: 117: led_control.red_duty = 255;
  4265  0404  30FF               	movlw	255
  4266  0405  00A1               	movwf	_led_control+1
  4267                           
  4268                           ;SC8F054_led.c: 118: led_control.green_duty = 20;
  4269  0406  3014               	movlw	20
  4270  0407  00A2               	movwf	_led_control+2
  4271                           
  4272                           ;SC8F054_led.c: 119: led_control.blue_duty = 200;
  4273  0408  30C8               	movlw	200
  4274  0409  2C13               	goto	L14
  4275  040A                     l6407:	
  4276                           ;SC8F054_led.c: 121: break;
  4277                           
  4278                           ;SC8F054_led.c: 120: PWMCON0 = 0X16;
  4279                           
  4280                           
  4281                           ;SC8F054_led.c: 123: led_control.red_duty = 255;
  4282  040A  30FF               	movlw	255
  4283  040B  00A1               	movwf	_led_control+1
  4284                           
  4285                           ;SC8F054_led.c: 124: led_control.green_duty = 20;
  4286  040C  3014               	movlw	20
  4287  040D  2BE9               	goto	L13
  4288  040E                     l6413:	
  4289                           
  4290                           ;SC8F054_led.c: 129: led_control.red_duty = 10;
  4291  040E  300A               	movlw	10
  4292  040F  00A1               	movwf	_led_control+1
  4293                           
  4294                           ;SC8F054_led.c: 130: led_control.green_duty = 180;
  4295  0410  30B4               	movlw	180
  4296  0411  00A2               	movwf	_led_control+2
  4297                           
  4298                           ;SC8F054_led.c: 131: led_control.blue_duty = 50;
  4299  0412  3032               	movlw	50
  4300  0413                     L14:	
  4301  0413  00A3               	movwf	_led_control+3
  4302  0414                     L15:	
  4303                           
  4304                           ;SC8F054_led.c: 132: PWMCON0 = 0X16;
  4305  0414  3016               	movlw	22
  4306  0415                     L12:	
  4307  0415  0095               	movwf	21	;volatile
  4308                           
  4309                           ;SC8F054_led.c: 133: break;
  4310  0416  2C29               	goto	l6433
  4311  0417                     l6415:	
  4312  0417  30BF               	movlw	191
  4313                           
  4314                           ;SC8F054_led.c: 135: led_control.red_duty = 0;
  4315  0418  01A1               	clrf	_led_control+1
  4316                           
  4317                           ;SC8F054_led.c: 136: led_control.green_duty = 191;
  4318  0419  2BF3               	goto	L18
  4319  041A                     l6423:	
  4320                           
  4321                           ;SC8F054_led.c: 141: led_control.red_duty = 100;
  4322  041A  3064               	movlw	100
  4323  041B  00A1               	movwf	_led_control+1
  4324                           
  4325                           ;SC8F054_led.c: 142: led_control.green_duty = 255;
  4326  041C  30FF               	movlw	255
  4327  041D  2BE9               	goto	L13
  4328  041E                     l6431:	
  4329  041E  0827               	movf	_led_control+7,w
  4330                           
  4331                           ; Switch size 1, requested type "speed"
  4332                           ; Number of cases is 16, Range of values is 0 to 15
  4333                           ; switch strategies available:
  4334                           ; Name         Instructions Cycles
  4335                           ; direct_byte           22     6 (fixed)
  4336                           ; simple_byte           49    25 (average)
  4337                           ; jumptable            260     6 (fixed)
  4338                           ;	Chosen strategy is direct_byte
  4339  041F  0084               	movwf	4
  4340  0420  3010               	movlw	16
  4341  0421  0204               	subwf	4,w
  4342  0422  1803               	skipnc
  4343  0423  2C29               	goto	l6433
  4344  0424  3007               	movlw	high S6815
  4345  0425  008A               	movwf	10
  4346  0426  3029               	movlw	low S6815
  4347  0427  0704               	addwf	4,w
  4348  0428  0082               	movwf	2
  4349  0429                     l6433:	
  4350                           
  4351                           ;SC8F054_led.c: 151: led_control.set_red_duty = led_control.red_duty;
  4352  0429  0821               	movf	_led_control+1,w
  4353  042A  00A4               	movwf	_led_control+4
  4354                           
  4355                           ;SC8F054_led.c: 152: led_control.set_green_duty = led_control.green_duty;
  4356  042B  0822               	movf	_led_control+2,w
  4357  042C  00A5               	movwf	_led_control+5
  4358                           
  4359                           ;SC8F054_led.c: 153: led_control.set_blue_duty = led_control.blue_duty;
  4360  042D  0823               	movf	_led_control+3,w
  4361  042E  00A6               	movwf	_led_control+6
  4362  042F                     l6435:	
  4363                           
  4364                           ;SC8F054_led.c: 154: }
  4365                           ;SC8F054_led.c: 156: map_0_255_to_1000_0(led_control.red_duty, led_control.green_duty, l
      +                          ed_control.blue_duty);
  4366  042F  0822               	movf	_led_control+2,w
  4367  0430  00E4               	movwf	map_0_255_to_1000_0@green_duty
  4368  0431  0823               	movf	_led_control+3,w
  4369  0432  00E5               	movwf	map_0_255_to_1000_0@blue_duty
  4370  0433  0821               	movf	_led_control+1,w
  4371  0434  2B4C               	ljmp	_map_0_255_to_1000_0
  4372  0435                     __end_of_Led_Color_Prg:	
  4373                           
  4374                           	psect	swtext1
  4375  0729                     __pswtext1:	
  4376  0729                     S6815:	
  4377  0729  2BCB               	ljmp	l6359
  4378  072A  2BD0               	ljmp	l6361
  4379  072B  2BD6               	ljmp	l6367
  4380  072C  2BDA               	ljmp	l6373
  4381  072D  2BDD               	ljmp	l6379
  4382  072E  2BE2               	ljmp	l6387
  4383  072F  2BE6               	ljmp	l6389
  4384  0730  2BEC               	ljmp	l6395
  4385  0731  2BF0               	ljmp	l6397
  4386  0732  2BF6               	ljmp	l6399
  4387  0733  2BFC               	ljmp	l6401
  4388  0734  2C04               	ljmp	l6405
  4389  0735  2C0A               	ljmp	l6407
  4390  0736  2C0E               	ljmp	l6413
  4391  0737  2C17               	ljmp	l6415
  4392  0738  2C1A               	ljmp	l6423
  4393                           
  4394                           	psect	text29
  4395  034C                     __ptext29:	
  4396 ;; *************** function _map_0_255_to_1000_0 *****************
  4397 ;; Defined at:
  4398 ;;		line 10 in file "D:\QW\QW-项目\QW-247\程序\手环-中微-程序-16通道-2.4G\QW-247_SC8F054_V1.0_16M2T_16Channel\SC8F054_le
      +d.c"
  4399 ;; Parameters:    Size  Location     Type
  4400 ;;  red_duty        1    wreg     unsigned char 
  4401 ;;  green_duty      1   25[BANK0 ] unsigned char 
  4402 ;;  blue_duty       1   26[BANK0 ] unsigned char 
  4403 ;; Auto vars:     Size  Location     Type
  4404 ;;  red_duty        1   27[BANK0 ] unsigned char 
  4405 ;;  duty_10bit      2   28[BANK0 ] unsigned int 
  4406 ;; Return value:  Size  Location     Type
  4407 ;;                  1    wreg      void 
  4408 ;; Registers used:
  4409 ;;		wreg, status,2, status,0, pclath, cstack
  4410 ;; Tracked objects:
  4411 ;;		On entry : 100/0
  4412 ;;		On exit  : 100/0
  4413 ;;		Unchanged: 0/0
  4414 ;; Data sizes:     COMMON   BANK0   BANK1
  4415 ;;      Params:         0       2       0
  4416 ;;      Locals:         0       3       0
  4417 ;;      Temps:          0       0       0
  4418 ;;      Totals:         0       5       0
  4419 ;;Total ram usage:        5 bytes
  4420 ;; Hardware stack levels used:    1
  4421 ;; Hardware stack levels required when called:    3
  4422 ;; This function calls:
  4423 ;;		___lldiv
  4424 ;;		___lmul
  4425 ;; This function is called by:
  4426 ;;		_Led_Color_Prg
  4427 ;; This function uses a non-reentrant model
  4428 ;;
  4429                           
  4430                           
  4431                           ;psect for function _map_0_255_to_1000_0
  4432  034C                     _map_0_255_to_1000_0:	
  4433                           
  4434                           ;incstack = 0
  4435                           ; Regs used in _map_0_255_to_1000_0: [wreg+status,2+status,0+pclath+cstack]
  4436                           ;map_0_255_to_1000_0@red_duty stored from wreg
  4437  034C  00E6               	movwf	map_0_255_to_1000_0@red_duty
  4438                           
  4439                           ;SC8F054_led.c: 14: duty_10bit = (unsigned int)((unsigned long)red_duty * 1023 / 255);
  4440  034D  30FF               	movlw	255
  4441  034E  00D7               	movwf	___lldiv@divisor
  4442  034F  01D8               	clrf	___lldiv@divisor+1
  4443  0350  01D9               	clrf	___lldiv@divisor+2
  4444  0351  01DA               	clrf	___lldiv@divisor+3
  4445  0352  0866               	movf	map_0_255_to_1000_0@red_duty,w
  4446  0353  00CB               	movwf	___lmul@multiplier
  4447  0354  3003               	movlw	3
  4448  0355  01CC               	clrf	___lmul@multiplier+1
  4449  0356  01CD               	clrf	___lmul@multiplier+2
  4450  0357  01CE               	clrf	___lmul@multiplier+3
  4451  0358  01D2               	clrf	___lmul@multiplicand+3
  4452  0359  01D1               	clrf	___lmul@multiplicand+2
  4453  035A  00D0               	movwf	___lmul@multiplicand+1
  4454  035B  30FF               	movlw	255
  4455  035C  00CF               	movwf	___lmul@multiplicand
  4456  035D  2577               	fcall	___lmul
  4457  035E  084E               	movf	?___lmul+3,w
  4458  035F  00DE               	movwf	___lldiv@dividend+3
  4459  0360  084D               	movf	?___lmul+2,w
  4460  0361  00DD               	movwf	___lldiv@dividend+2
  4461  0362  084C               	movf	?___lmul+1,w
  4462  0363  00DC               	movwf	___lldiv@dividend+1
  4463  0364  084B               	movf	?___lmul,w
  4464  0365  00DB               	movwf	___lldiv@dividend
  4465  0366  2488               	fcall	___lldiv
  4466  0367  0858               	movf	?___lldiv+1,w
  4467  0368  00E8               	movwf	map_0_255_to_1000_0@duty_10bit+1
  4468  0369  0857               	movf	?___lldiv,w
  4469  036A  00E7               	movwf	map_0_255_to_1000_0@duty_10bit
  4470                           
  4471                           ;SC8F054_led.c: 15: PWMD23H = 0x00;
  4472  036B  1683               	bsf	3,5	;RP0=1, select bank1
  4473  036C  019E               	clrf	30	;volatile
  4474                           
  4475                           ;SC8F054_led.c: 16: PWMD23H |= ((duty_10bit >> 8) & 0x03);
  4476  036D  1283               	bcf	3,5	;RP0=0, select bank0
  4477  036E  0868               	movf	map_0_255_to_1000_0@duty_10bit+1,w
  4478  036F  3903               	andlw	3
  4479  0370  1683               	bsf	3,5	;RP0=1, select bank1
  4480  0371  049E               	iorwf	30,f	;volatile
  4481                           
  4482                           ;SC8F054_led.c: 17: PWMD2L = red_duty;
  4483  0372  1283               	bcf	3,5	;RP0=0, select bank0
  4484  0373  0866               	movf	map_0_255_to_1000_0@red_duty,w
  4485  0374  1683               	bsf	3,5	;RP0=1, select bank1
  4486  0375  009B               	movwf	27	;volatile
  4487                           
  4488                           ;SC8F054_led.c: 20: duty_10bit = (unsigned int)((unsigned long)green_duty * 1023 / 255);
  4489  0376  30FF               	movlw	255
  4490  0377  1283               	bcf	3,5	;RP0=0, select bank0
  4491  0378  00D7               	movwf	___lldiv@divisor
  4492  0379  01D8               	clrf	___lldiv@divisor+1
  4493  037A  01D9               	clrf	___lldiv@divisor+2
  4494  037B  01DA               	clrf	___lldiv@divisor+3
  4495  037C  0864               	movf	map_0_255_to_1000_0@green_duty,w
  4496  037D  00CB               	movwf	___lmul@multiplier
  4497  037E  3003               	movlw	3
  4498  037F  01CC               	clrf	___lmul@multiplier+1
  4499  0380  01CD               	clrf	___lmul@multiplier+2
  4500  0381  01CE               	clrf	___lmul@multiplier+3
  4501  0382  01D2               	clrf	___lmul@multiplicand+3
  4502  0383  01D1               	clrf	___lmul@multiplicand+2
  4503  0384  00D0               	movwf	___lmul@multiplicand+1
  4504  0385  30FF               	movlw	255
  4505  0386  00CF               	movwf	___lmul@multiplicand
  4506  0387  2577               	fcall	___lmul
  4507  0388  084E               	movf	?___lmul+3,w
  4508  0389  00DE               	movwf	___lldiv@dividend+3
  4509  038A  084D               	movf	?___lmul+2,w
  4510  038B  00DD               	movwf	___lldiv@dividend+2
  4511  038C  084C               	movf	?___lmul+1,w
  4512  038D  00DC               	movwf	___lldiv@dividend+1
  4513  038E  084B               	movf	?___lmul,w
  4514  038F  00DB               	movwf	___lldiv@dividend
  4515  0390  2488               	fcall	___lldiv
  4516  0391  0858               	movf	?___lldiv+1,w
  4517  0392  00E8               	movwf	map_0_255_to_1000_0@duty_10bit+1
  4518  0393  0857               	movf	?___lldiv,w
  4519  0394  00E7               	movwf	map_0_255_to_1000_0@duty_10bit
  4520                           
  4521                           ;SC8F054_led.c: 21: PWMD01H = 0x00;
  4522  0395  019E               	clrf	30	;volatile
  4523                           
  4524                           ;SC8F054_led.c: 22: PWMD01H |= ((duty_10bit >> 8) & 0x03) << 4;
  4525  0396  0E68               	swapf	map_0_255_to_1000_0@duty_10bit+1,w
  4526  0397  3930               	andlw	48
  4527  0398  049E               	iorwf	30,f	;volatile
  4528                           
  4529                           ;SC8F054_led.c: 23: PWMD1L = green_duty;
  4530  0399  0864               	movf	map_0_255_to_1000_0@green_duty,w
  4531  039A  009A               	movwf	26	;volatile
  4532                           
  4533                           ;SC8F054_led.c: 25: duty_10bit = (unsigned int)((unsigned long)blue_duty * 1023 / 255);
  4534  039B  30FF               	movlw	255
  4535  039C  00D7               	movwf	___lldiv@divisor
  4536  039D  01D8               	clrf	___lldiv@divisor+1
  4537  039E  01D9               	clrf	___lldiv@divisor+2
  4538  039F  01DA               	clrf	___lldiv@divisor+3
  4539  03A0  0865               	movf	map_0_255_to_1000_0@blue_duty,w
  4540  03A1  00CB               	movwf	___lmul@multiplier
  4541  03A2  3003               	movlw	3
  4542  03A3  01CC               	clrf	___lmul@multiplier+1
  4543  03A4  01CD               	clrf	___lmul@multiplier+2
  4544  03A5  01CE               	clrf	___lmul@multiplier+3
  4545  03A6  01D2               	clrf	___lmul@multiplicand+3
  4546  03A7  01D1               	clrf	___lmul@multiplicand+2
  4547  03A8  00D0               	movwf	___lmul@multiplicand+1
  4548  03A9  30FF               	movlw	255
  4549  03AA  00CF               	movwf	___lmul@multiplicand
  4550  03AB  2577               	fcall	___lmul
  4551  03AC  084E               	movf	?___lmul+3,w
  4552  03AD  00DE               	movwf	___lldiv@dividend+3
  4553  03AE  084D               	movf	?___lmul+2,w
  4554  03AF  00DD               	movwf	___lldiv@dividend+2
  4555  03B0  084C               	movf	?___lmul+1,w
  4556  03B1  00DC               	movwf	___lldiv@dividend+1
  4557  03B2  084B               	movf	?___lmul,w
  4558  03B3  00DB               	movwf	___lldiv@dividend
  4559  03B4  2488               	fcall	___lldiv
  4560  03B5  0858               	movf	?___lldiv+1,w
  4561  03B6  00E8               	movwf	map_0_255_to_1000_0@duty_10bit+1
  4562  03B7  0857               	movf	?___lldiv,w
  4563  03B8  00E7               	movwf	map_0_255_to_1000_0@duty_10bit
  4564                           
  4565                           ;SC8F054_led.c: 26: PWMTH = 0x0F;
  4566  03B9  300F               	movlw	15
  4567  03BA  0098               	movwf	24	;volatile
  4568                           
  4569                           ;SC8F054_led.c: 27: PWMTH |= ((duty_10bit >> 8) & 0x03) << 4;
  4570  03BB  0E68               	swapf	map_0_255_to_1000_0@duty_10bit+1,w
  4571  03BC  3930               	andlw	48
  4572  03BD  0498               	iorwf	24,f	;volatile
  4573                           
  4574                           ;SC8F054_led.c: 28: PWMD4L = blue_duty;
  4575  03BE  0865               	movf	map_0_255_to_1000_0@blue_duty,w
  4576  03BF  009B               	movwf	27	;volatile
  4577  03C0  0008               	return
  4578  03C1                     __end_of_map_0_255_to_1000_0:	
  4579                           
  4580                           	psect	text30
  4581  0577                     __ptext30:	
  4582 ;; *************** function ___lmul *****************
  4583 ;; Defined at:
  4584 ;;		line 15 in file "D:\QW\QW-中微\SC8F054_DK\IDE\SCMCU_IDE_V2.00.17_Beta3\data\sources\common\Umul32.c"
  4585 ;; Parameters:    Size  Location     Type
  4586 ;;  multiplier      4    0[BANK0 ] unsigned long 
  4587 ;;  multiplicand    4    4[BANK0 ] unsigned long 
  4588 ;; Auto vars:     Size  Location     Type
  4589 ;;  product         4    8[BANK0 ] unsigned long 
  4590 ;; Return value:  Size  Location     Type
  4591 ;;                  4    0[BANK0 ] unsigned long 
  4592 ;; Registers used:
  4593 ;;		wreg, status,2, status,0
  4594 ;; Tracked objects:
  4595 ;;		On entry : 100/0
  4596 ;;		On exit  : 100/0
  4597 ;;		Unchanged: 0/0
  4598 ;; Data sizes:     COMMON   BANK0   BANK1
  4599 ;;      Params:         0       8       0
  4600 ;;      Locals:         0       4       0
  4601 ;;      Temps:          0       0       0
  4602 ;;      Totals:         0      12       0
  4603 ;;Total ram usage:       12 bytes
  4604 ;; Hardware stack levels used:    1
  4605 ;; Hardware stack levels required when called:    2
  4606 ;; This function calls:
  4607 ;;		Nothing
  4608 ;; This function is called by:
  4609 ;;		_map_0_255_to_1000_0
  4610 ;;		_rand
  4611 ;; This function uses a non-reentrant model
  4612 ;;
  4613                           
  4614                           
  4615                           ;psect for function ___lmul
  4616  0577                     ___lmul:	
  4617                           
  4618                           ;incstack = 0
  4619                           ; Regs used in ___lmul: [wreg+status,2+status,0]
  4620  0577  01D3               	clrf	___lmul@product
  4621  0578  01D4               	clrf	___lmul@product+1
  4622  0579  01D5               	clrf	___lmul@product+2
  4623  057A  01D6               	clrf	___lmul@product+3
  4624  057B                     l4169:	
  4625  057B  1C4B               	btfss	___lmul@multiplier,0
  4626  057C  2D91               	goto	l5755
  4627  057D  084F               	movf	___lmul@multiplicand,w
  4628  057E  07D3               	addwf	___lmul@product,f
  4629  057F  0850               	movf	___lmul@multiplicand+1,w
  4630  0580  1103               	clrz
  4631  0581  1803               	skipnc
  4632  0582  3E01               	addlw	1
  4633  0583  1D03               	btfss	3,2
  4634  0584  07D4               	addwf	___lmul@product+1,f
  4635  0585  0851               	movf	___lmul@multiplicand+2,w
  4636  0586  1103               	clrz
  4637  0587  1803               	skipnc
  4638  0588  3E01               	addlw	1
  4639  0589  1D03               	btfss	3,2
  4640  058A  07D5               	addwf	___lmul@product+2,f
  4641  058B  0852               	movf	___lmul@multiplicand+3,w
  4642  058C  1103               	clrz
  4643  058D  1803               	skipnc
  4644  058E  3E01               	addlw	1
  4645  058F  1D03               	btfss	3,2
  4646  0590  07D6               	addwf	___lmul@product+3,f
  4647  0591                     l5755:	
  4648  0591  1003               	clrc
  4649  0592  0DCF               	rlf	___lmul@multiplicand,f
  4650  0593  0DD0               	rlf	___lmul@multiplicand+1,f
  4651  0594  0DD1               	rlf	___lmul@multiplicand+2,f
  4652  0595  0DD2               	rlf	___lmul@multiplicand+3,f
  4653  0596  1003               	clrc
  4654  0597  0CCE               	rrf	___lmul@multiplier+3,f
  4655  0598  0CCD               	rrf	___lmul@multiplier+2,f
  4656  0599  0CCC               	rrf	___lmul@multiplier+1,f
  4657  059A  0CCB               	rrf	___lmul@multiplier,f
  4658  059B  084E               	movf	___lmul@multiplier+3,w
  4659  059C  044D               	iorwf	___lmul@multiplier+2,w
  4660  059D  044C               	iorwf	___lmul@multiplier+1,w
  4661  059E  044B               	iorwf	___lmul@multiplier,w
  4662  059F  1D03               	skipz
  4663  05A0  2D7B               	goto	l4169
  4664  05A1  0856               	movf	___lmul@product+3,w
  4665  05A2  00CE               	movwf	?___lmul+3
  4666  05A3  0855               	movf	___lmul@product+2,w
  4667  05A4  00CD               	movwf	?___lmul+2
  4668  05A5  0854               	movf	___lmul@product+1,w
  4669  05A6  00CC               	movwf	?___lmul+1
  4670  05A7  0853               	movf	___lmul@product,w
  4671  05A8  00CB               	movwf	?___lmul
  4672  05A9  0008               	return
  4673  05AA                     __end_of___lmul:	
  4674                           
  4675                           	psect	text31
  4676  0488                     __ptext31:	
  4677 ;; *************** function ___lldiv *****************
  4678 ;; Defined at:
  4679 ;;		line 6 in file "D:\QW\QW-中微\SC8F054_DK\IDE\SCMCU_IDE_V2.00.17_Beta3\data\sources\common\lldiv.c"
  4680 ;; Parameters:    Size  Location     Type
  4681 ;;  divisor         4   12[BANK0 ] unsigned long 
  4682 ;;  dividend        4   16[BANK0 ] unsigned long 
  4683 ;; Auto vars:     Size  Location     Type
  4684 ;;  quotient        4   20[BANK0 ] unsigned long 
  4685 ;;  counter         1   24[BANK0 ] unsigned char 
  4686 ;; Return value:  Size  Location     Type
  4687 ;;                  4   12[BANK0 ] unsigned long 
  4688 ;; Registers used:
  4689 ;;		wreg, status,2, status,0
  4690 ;; Tracked objects:
  4691 ;;		On entry : 100/0
  4692 ;;		On exit  : 100/0
  4693 ;;		Unchanged: 0/0
  4694 ;; Data sizes:     COMMON   BANK0   BANK1
  4695 ;;      Params:         0       8       0
  4696 ;;      Locals:         0       5       0
  4697 ;;      Temps:          0       0       0
  4698 ;;      Totals:         0      13       0
  4699 ;;Total ram usage:       13 bytes
  4700 ;; Hardware stack levels used:    1
  4701 ;; Hardware stack levels required when called:    2
  4702 ;; This function calls:
  4703 ;;		Nothing
  4704 ;; This function is called by:
  4705 ;;		_map_0_255_to_1000_0
  4706 ;; This function uses a non-reentrant model
  4707 ;;
  4708                           
  4709                           
  4710                           ;psect for function ___lldiv
  4711  0488                     ___lldiv:	
  4712                           
  4713                           ;incstack = 0
  4714                           ; Regs used in ___lldiv: [wreg+status,2+status,0]
  4715  0488  01DF               	clrf	___lldiv@quotient
  4716  0489  01E0               	clrf	___lldiv@quotient+1
  4717  048A  01E1               	clrf	___lldiv@quotient+2
  4718  048B  01E2               	clrf	___lldiv@quotient+3
  4719  048C  085A               	movf	___lldiv@divisor+3,w
  4720  048D  0459               	iorwf	___lldiv@divisor+2,w
  4721  048E  0458               	iorwf	___lldiv@divisor+1,w
  4722  048F  0457               	iorwf	___lldiv@divisor,w
  4723  0490  1903               	skipnz
  4724  0491  2CC7               	goto	l5821
  4725  0492  01E3               	clrf	___lldiv@counter
  4726  0493                     L19:	
  4727  0493  0AE3               	incf	___lldiv@counter,f
  4728  0494  1BDA               	btfsc	___lldiv@divisor+3,7
  4729  0495  2C9C               	goto	l5809
  4730  0496  1003               	clrc
  4731  0497  0DD7               	rlf	___lldiv@divisor,f
  4732  0498  0DD8               	rlf	___lldiv@divisor+1,f
  4733  0499  0DD9               	rlf	___lldiv@divisor+2,f
  4734  049A  0DDA               	rlf	___lldiv@divisor+3,f
  4735  049B  2C93               	goto	L19
  4736  049C                     l5809:	
  4737  049C  1003               	clrc
  4738  049D  0DDF               	rlf	___lldiv@quotient,f
  4739  049E  0DE0               	rlf	___lldiv@quotient+1,f
  4740  049F  0DE1               	rlf	___lldiv@quotient+2,f
  4741  04A0  0DE2               	rlf	___lldiv@quotient+3,f
  4742  04A1  085A               	movf	___lldiv@divisor+3,w
  4743  04A2  025E               	subwf	___lldiv@dividend+3,w
  4744  04A3  1D03               	skipz
  4745  04A4  2CAF               	goto	u1345
  4746  04A5  0859               	movf	___lldiv@divisor+2,w
  4747  04A6  025D               	subwf	___lldiv@dividend+2,w
  4748  04A7  1D03               	skipz
  4749  04A8  2CAF               	goto	u1345
  4750  04A9  0858               	movf	___lldiv@divisor+1,w
  4751  04AA  025C               	subwf	___lldiv@dividend+1,w
  4752  04AB  1D03               	skipz
  4753  04AC  2CAF               	goto	u1345
  4754  04AD  0857               	movf	___lldiv@divisor,w
  4755  04AE  025B               	subwf	___lldiv@dividend,w
  4756  04AF                     u1345:	
  4757  04AF  1C03               	skipc
  4758  04B0  2CC1               	goto	L20
  4759  04B1  0857               	movf	___lldiv@divisor,w
  4760  04B2  02DB               	subwf	___lldiv@dividend,f
  4761  04B3  0858               	movf	___lldiv@divisor+1,w
  4762  04B4  1C03               	skipc
  4763  04B5  0F58               	incfsz	___lldiv@divisor+1,w
  4764  04B6  02DC               	subwf	___lldiv@dividend+1,f
  4765  04B7  0859               	movf	___lldiv@divisor+2,w
  4766  04B8  1C03               	skipc
  4767  04B9  0F59               	incfsz	___lldiv@divisor+2,w
  4768  04BA  02DD               	subwf	___lldiv@dividend+2,f
  4769  04BB  085A               	movf	___lldiv@divisor+3,w
  4770  04BC  1C03               	skipc
  4771  04BD  0F5A               	incfsz	___lldiv@divisor+3,w
  4772  04BE  02DE               	subwf	___lldiv@dividend+3,f
  4773  04BF  145F               	bsf	___lldiv@quotient,0
  4774  04C0  1003               	clrc
  4775  04C1                     L20:	
  4776  04C1  0CDA               	rrf	___lldiv@divisor+3,f
  4777  04C2  0CD9               	rrf	___lldiv@divisor+2,f
  4778  04C3  0CD8               	rrf	___lldiv@divisor+1,f
  4779  04C4  0CD7               	rrf	___lldiv@divisor,f
  4780  04C5  0BE3               	decfsz	___lldiv@counter,f
  4781  04C6  2C9C               	goto	l5809
  4782  04C7                     l5821:	
  4783  04C7  0862               	movf	___lldiv@quotient+3,w
  4784  04C8  00DA               	movwf	?___lldiv+3
  4785  04C9  0861               	movf	___lldiv@quotient+2,w
  4786  04CA  00D9               	movwf	?___lldiv+2
  4787  04CB  0860               	movf	___lldiv@quotient+1,w
  4788  04CC  00D8               	movwf	?___lldiv+1
  4789  04CD  085F               	movf	___lldiv@quotient,w
  4790  04CE  00D7               	movwf	?___lldiv
  4791  04CF  0008               	return
  4792  04D0                     __end_of___lldiv:	
  4793                           
  4794                           	psect	text32
  4795  01CD                     __ptext32:	
  4796 ;; *************** function _INT_Isr *****************
  4797 ;; Defined at:
  4798 ;;		line 46 in file "D:\QW\QW-项目\QW-247\程序\手环-中微-程序-16通道-2.4G\QW-247_SC8F054_V1.0_16M2T_16Channel\SC8F054_ma
      +in.c"
  4799 ;; Parameters:    Size  Location     Type
  4800 ;;		None
  4801 ;; Auto vars:     Size  Location     Type
  4802 ;;		None
  4803 ;; Return value:  Size  Location     Type
  4804 ;;                  1    wreg      void 
  4805 ;; Registers used:
  4806 ;;		wreg, fsr0l, fsr0h, status,2, status,0, pclath, cstack
  4807 ;; Tracked objects:
  4808 ;;		On entry : 0/0
  4809 ;;		On exit  : 100/0
  4810 ;;		Unchanged: 0/0
  4811 ;; Data sizes:     COMMON   BANK0   BANK1
  4812 ;;      Params:         0       0       0
  4813 ;;      Locals:         0       0       0
  4814 ;;      Temps:          3       0       0
  4815 ;;      Totals:         3       0       0
  4816 ;;Total ram usage:        3 bytes
  4817 ;; Hardware stack levels used:    1
  4818 ;; Hardware stack levels required when called:    1
  4819 ;; This function calls:
  4820 ;;		_Key_Check_Time
  4821 ;;		___lbdiv
  4822 ;; This function is called by:
  4823 ;;		Interrupt level 1
  4824 ;; This function uses a non-reentrant model
  4825 ;;
  4826                           
  4827                           
  4828                           ;psect for function _INT_Isr
  4829  01CD                     _INT_Isr:	
  4830                           
  4831                           ;SC8F054_main.c: 48: if(TMR2IF)
  4832  01CD  1283               	bcf	3,5	;RP0=0, select bank0
  4833  01CE  1C8D               	btfss	13,1	;volatile
  4834  01CF  2AC9               	goto	i1l627
  4835                           
  4836                           ;SC8F054_main.c: 49: {
  4837                           ;SC8F054_main.c: 50: TMR2IF = 0;
  4838  01D0  108D               	bcf	13,1	;volatile
  4839  01D1  3014               	movlw	20
  4840                           
  4841                           ;SC8F054_main.c: 52: led_control.count_1ms++;
  4842  01D2  0AAE               	incf	_led_control+14,f
  4843                           
  4844                           ;SC8F054_main.c: 54: if(led_control.count_1ms >= 20)
  4845  01D3  022E               	subwf	_led_control+14,w
  4846  01D4  1C03               	skipc
  4847  01D5  2AC9               	goto	i1l627
  4848                           
  4849                           ;SC8F054_main.c: 55: {
  4850                           ;SC8F054_main.c: 56: Key_Check_Time();
  4851  01D6  26B0               	fcall	_Key_Check_Time
  4852                           
  4853                           ;SC8F054_main.c: 57: led_control.count_1ms = 0;
  4854  01D7  01AE               	clrf	_led_control+14
  4855                           
  4856                           ;SC8F054_main.c: 58: if(soft_recieve_control.dalay_time)
  4857  01D8  083D               	movf	_soft_recieve_control+7,w
  4858  01D9  1D03               	btfss	3,2
  4859                           
  4860                           ;SC8F054_main.c: 59: {
  4861                           ;SC8F054_main.c: 60: soft_recieve_control.dalay_time--;
  4862  01DA  03BD               	decf	_soft_recieve_control+7,f
  4863  01DB  3009               	movlw	9
  4864                           
  4865                           ;SC8F054_main.c: 61: }
  4866                           ;SC8F054_main.c: 63: led_control.count_10ms++;
  4867  01DC  0AAF               	incf	_led_control+15,f
  4868                           
  4869                           ;SC8F054_main.c: 64: if(led_control.count_10ms >= 9)
  4870  01DD  022F               	subwf	_led_control+15,w
  4871  01DE  1C03               	skipc
  4872  01DF  2AC9               	goto	i1l627
  4873                           
  4874                           ;SC8F054_main.c: 65: {
  4875                           ;SC8F054_main.c: 66: led_control.count_10ms = 0;
  4876  01E0  01AF               	clrf	_led_control+15
  4877                           
  4878                           ;SC8F054_main.c: 68: switch(led_control.led_mode)
  4879  01E1  2AA4               	goto	i1l6739
  4880  01E2                     i1l6603:	
  4881                           
  4882                           ;SC8F054_main.c: 71: {
  4883                           ;SC8F054_main.c: 72: led_control.red_duty = 0;
  4884  01E2  01A1               	clrf	_led_control+1
  4885                           
  4886                           ;SC8F054_main.c: 73: led_control.green_duty = 0;
  4887  01E3  01A2               	clrf	_led_control+2
  4888                           
  4889                           ;SC8F054_main.c: 74: led_control.blue_duty = 0;
  4890  01E4  01A3               	clrf	_led_control+3
  4891  01E5  29F5               	goto	i1l6613
  4892  01E6                     i1l6605:	
  4893                           ;SC8F054_main.c: 76: break;
  4894                           
  4895                           ;SC8F054_main.c: 75: PWMCON0 = 0x00;
  4896                           
  4897                           
  4898                           ;SC8F054_main.c: 79: {
  4899                           ;SC8F054_main.c: 80: led_control.red_duty = led_control.set_red_duty;
  4900  01E6  0824               	movf	_led_control+4,w
  4901  01E7  00A1               	movwf	_led_control+1
  4902                           
  4903                           ;SC8F054_main.c: 81: led_control.green_duty = led_control.set_green_duty;
  4904  01E8  0825               	movf	_led_control+5,w
  4905  01E9  00A2               	movwf	_led_control+2
  4906                           
  4907                           ;SC8F054_main.c: 82: led_control.blue_duty = led_control.set_blue_duty;
  4908  01EA  0826               	movf	_led_control+6,w
  4909  01EB  00A3               	movwf	_led_control+3
  4910                           
  4911                           ;SC8F054_main.c: 84: if((led_control.blue_duty == 0) && (led_control.green_duty == 0) &&
      +                           (led_control.red_duty == 0))
  4912  01EC  0823               	movf	_led_control+3,w
  4913  01ED  1D03               	btfss	3,2
  4914  01EE  2A06               	goto	L24
  4915  01EF  0822               	movf	_led_control+2,w
  4916  01F0  1D03               	btfss	3,2
  4917  01F1  2A06               	goto	L24
  4918  01F2  0821               	movf	_led_control+1,w
  4919  01F3  1D03               	btfss	3,2
  4920  01F4  2A06               	goto	L24
  4921  01F5                     i1l6613:	
  4922                           
  4923                           ;SC8F054_main.c: 85: {
  4924                           ;SC8F054_main.c: 86: PWMCON0 = 0x00;
  4925  01F5  0195               	clrf	21	;volatile
  4926                           
  4927                           ;SC8F054_main.c: 87: }
  4928  01F6  2AB2               	goto	i1l6741
  4929  01F7                     i1l6617:	
  4930                           ;SC8F054_main.c: 91: }
  4931                           ;SC8F054_main.c: 92: break;
  4932                           
  4933                           ;SC8F054_main.c: 88: else
  4934                           ;SC8F054_main.c: 89: {
  4935                           ;SC8F054_main.c: 90: PWMCON0 = 0x16;
  4936                           
  4937  01F7  3070               	movlw	112
  4938                           
  4939                           ;SC8F054_main.c: 95: {
  4940                           ;SC8F054_main.c: 96: led_control.led_mode_count++;
  4941  01F8  0AA9               	incf	_led_control+9,f
  4942                           
  4943                           ;SC8F054_main.c: 97: if(led_control.led_mode_count >= 112)
  4944  01F9  0229               	subwf	_led_control+9,w
  4945  01FA  1803               	btfsc	3,0
  4946                           
  4947                           ;SC8F054_main.c: 98: {
  4948                           ;SC8F054_main.c: 99: led_control.led_mode_count = 0;
  4949  01FB  01A9               	clrf	_led_control+9
  4950                           
  4951                           ;SC8F054_main.c: 100: }
  4952                           ;SC8F054_main.c: 102: if(led_control.led_mode_count < 56)
  4953  01FC  3038               	movlw	56
  4954  01FD  0229               	subwf	_led_control+9,w
  4955  01FE  1803               	skipnc
  4956  01FF  2A09               	goto	i1l6627
  4957  0200                     i1l6625:	
  4958                           
  4959                           ;SC8F054_main.c: 103: {
  4960                           ;SC8F054_main.c: 104: led_control.red_duty = led_control.set_red_duty;
  4961  0200  0824               	movf	_led_control+4,w
  4962  0201  00A1               	movwf	_led_control+1
  4963                           
  4964                           ;SC8F054_main.c: 105: led_control.green_duty = led_control.set_green_duty;
  4965  0202  0825               	movf	_led_control+5,w
  4966  0203  00A2               	movwf	_led_control+2
  4967                           
  4968                           ;SC8F054_main.c: 106: led_control.blue_duty = led_control.set_blue_duty;
  4969  0204  0826               	movf	_led_control+6,w
  4970  0205  00A3               	movwf	_led_control+3
  4971  0206                     L24:	
  4972                           
  4973                           ;SC8F054_main.c: 107: PWMCON0 = 0x16;
  4974  0206  3016               	movlw	22
  4975  0207  0095               	movwf	21	;volatile
  4976                           
  4977                           ;SC8F054_main.c: 108: }
  4978  0208  2AB2               	goto	i1l6741
  4979  0209                     i1l6627:	
  4980                           
  4981                           ;SC8F054_main.c: 109: else
  4982                           ;SC8F054_main.c: 110: {
  4983                           ;SC8F054_main.c: 111: PWMCON0 = 0x00;
  4984  0209  0195               	clrf	21	;volatile
  4985  020A  2AA0               	goto	i1l6735
  4986  020B                     i1l6629:	
  4987                           ;SC8F054_main.c: 114: led_control.blue_duty = 0;
  4988                           
  4989                           ;SC8F054_main.c: 113: led_control.green_duty = 0;
  4990                           
  4991                           ;SC8F054_main.c: 112: led_control.red_duty = 0;
  4992                           
  4993  020B  3020               	movlw	32
  4994                           
  4995                           ;SC8F054_main.c: 119: {
  4996                           ;SC8F054_main.c: 120: led_control.led_mode_count++;
  4997  020C  0AA9               	incf	_led_control+9,f
  4998                           
  4999                           ;SC8F054_main.c: 121: if(led_control.led_mode_count >= 32)
  5000  020D  0229               	subwf	_led_control+9,w
  5001  020E  1803               	btfsc	3,0
  5002                           
  5003                           ;SC8F054_main.c: 122: {
  5004                           ;SC8F054_main.c: 123: led_control.led_mode_count = 0;
  5005  020F  01A9               	clrf	_led_control+9
  5006                           
  5007                           ;SC8F054_main.c: 124: }
  5008                           ;SC8F054_main.c: 126: if(led_control.led_mode_count < 16)
  5009  0210  3010               	movlw	16
  5010  0211  0229               	subwf	_led_control+9,w
  5011  0212  1803               	skipnc
  5012  0213  2A09               	goto	i1l6627
  5013                           
  5014                           ;SC8F054_main.c: 127: {
  5015                           ;SC8F054_main.c: 128: PWMCON0 = 0x16;
  5016  0214  3016               	movlw	22
  5017  0215  0095               	movwf	21	;volatile
  5018  0216  2A6B               	goto	i1l6703
  5019  0217                     i1l6641:	
  5020                           ;SC8F054_main.c: 132: }
  5021                           
  5022                           ;SC8F054_main.c: 131: led_control.blue_duty = led_control.set_blue_duty;
  5023                           
  5024                           ;SC8F054_main.c: 130: led_control.green_duty = led_control.set_green_duty;
  5025                           
  5026                           ;SC8F054_main.c: 129: led_control.red_duty = led_control.set_red_duty;
  5027                           
  5028                           
  5029                           ;SC8F054_main.c: 143: {
  5030                           ;SC8F054_main.c: 144: PWMCON0 = 0x16;
  5031  0217  3016               	movlw	22
  5032  0218  0095               	movwf	21	;volatile
  5033  0219  3070               	movlw	112
  5034                           
  5035                           ;SC8F054_main.c: 145: led_control.led_mode_count++;
  5036  021A  0AA9               	incf	_led_control+9,f
  5037                           
  5038                           ;SC8F054_main.c: 146: if(led_control.led_mode_count >= 112)
  5039  021B  0229               	subwf	_led_control+9,w
  5040  021C  1803               	btfsc	3,0
  5041                           
  5042                           ;SC8F054_main.c: 147: {
  5043                           ;SC8F054_main.c: 148: led_control.led_mode_count = 0;
  5044  021D  01A9               	clrf	_led_control+9
  5045                           
  5046                           ;SC8F054_main.c: 149: }
  5047                           ;SC8F054_main.c: 151: if(led_control.led_mode_count / 7 % 2 == 0)
  5048  021E  3007               	movlw	7
  5049  021F  00F0               	movwf	___lbdiv@divisor
  5050  0220  0829               	movf	_led_control+9,w
  5051  0221  267B               	fcall	___lbdiv
  5052  0222  3901               	andlw	1
  5053  0223  1903               	btfsc	3,2
  5054  0224  2A00               	goto	i1l6625
  5055  0225  2A09               	goto	i1l6627
  5056  0226                     i1l6655:	
  5057                           
  5058                           ;SC8F054_main.c: 168: {
  5059                           ;SC8F054_main.c: 169: PWMCON0 = 0x16;
  5060  0226  3016               	movlw	22
  5061  0227  0095               	movwf	21	;volatile
  5062  0228  3032               	movlw	50
  5063                           
  5064                           ;SC8F054_main.c: 170: led_control.led_mode_count++;
  5065  0229  0AA9               	incf	_led_control+9,f
  5066                           
  5067                           ;SC8F054_main.c: 171: if(led_control.led_mode_count >= 50)
  5068  022A  0229               	subwf	_led_control+9,w
  5069  022B  1C03               	skipc
  5070  022C  2AB2               	goto	i1l6741
  5071  022D  3010               	movlw	16
  5072                           
  5073                           ;SC8F054_main.c: 172: {
  5074                           ;SC8F054_main.c: 173: led_control.led_mode_count = 0;
  5075  022E  01A9               	clrf	_led_control+9
  5076                           
  5077                           ;SC8F054_main.c: 174: led_control.led_color++;
  5078  022F  0AA7               	incf	_led_control+7,f
  5079                           
  5080                           ;SC8F054_main.c: 175: if(led_control.led_color > 15)
  5081  0230  0227               	subwf	_led_control+7,w
  5082  0231  1C03               	skipc
  5083  0232  2AB2               	goto	i1l6741
  5084                           
  5085                           ;SC8F054_main.c: 176: {
  5086                           ;SC8F054_main.c: 177: led_control.led_color = 1;
  5087  0233  01A7               	clrf	_led_control+7
  5088  0234  0AA7               	incf	_led_control+7,f
  5089  0235  2AB2               	goto	i1l6741
  5090  0236                     i1l6669:	
  5091                           
  5092                           ;SC8F054_main.c: 183: {
  5093                           ;SC8F054_main.c: 184: PWMCON0 = 0x16;
  5094  0236  3016               	movlw	22
  5095  0237  0095               	movwf	21	;volatile
  5096                           
  5097                           ;SC8F054_main.c: 185: if(led_control.breath_flag == 1)
  5098  0238  0B20               	decfsz	_led_control,w
  5099  0239  2A72               	goto	i1l6705
  5100                           
  5101                           ;SC8F054_main.c: 186: {
  5102                           ;SC8F054_main.c: 187: if(led_control.led_mode_count)
  5103  023A  0829               	movf	_led_control+9,w
  5104  023B  1903               	btfsc	3,2
  5105  023C  2AB2               	goto	i1l6741
  5106                           
  5107                           ;SC8F054_main.c: 188: {
  5108                           ;SC8F054_main.c: 189: led_control.breath_time++;
  5109  023D  0AAA               	incf	_led_control+10,f
  5110                           
  5111                           ;SC8F054_main.c: 190: if(led_control.breath_time >= led_control.breath_start_off_time)
  5112  023E  082B               	movf	_led_control+11,w
  5113  023F  022A               	subwf	_led_control+10,w
  5114  0240  1C03               	skipc
  5115  0241  2AB2               	goto	i1l6741
  5116                           
  5117                           ;SC8F054_main.c: 191: {
  5118                           ;SC8F054_main.c: 192: led_control.breath_time = 0;
  5119  0242  01AA               	clrf	_led_control+10
  5120                           
  5121                           ;SC8F054_main.c: 193: led_control.led_mode_count--;
  5122  0243  03A9               	decf	_led_control+9,f
  5123                           
  5124                           ;SC8F054_main.c: 195: if(led_control.red_duty >= led_control.set_red_duty)
  5125  0244  0824               	movf	_led_control+4,w
  5126  0245  0221               	subwf	_led_control+1,w
  5127  0246  1C03               	skipc
  5128  0247  2A4A               	goto	i1l6687
  5129                           
  5130                           ;SC8F054_main.c: 196: {
  5131                           ;SC8F054_main.c: 197: led_control.red_duty = led_control.set_red_duty;
  5132  0248  0824               	movf	_led_control+4,w
  5133  0249  2A4F               	goto	L21
  5134  024A                     i1l6687:	
  5135                           ;SC8F054_main.c: 198: }
  5136                           
  5137                           
  5138                           ;SC8F054_main.c: 199: else
  5139                           ;SC8F054_main.c: 200: {
  5140                           ;SC8F054_main.c: 201: led_control.red_duty = led_control.red_duty + led_control.set_red_
      +                          duty / led_control.breat_time_control;
  5141  024A  0833               	movf	_led_control+19,w
  5142  024B  00F0               	movwf	___lbdiv@divisor
  5143  024C  0824               	movf	_led_control+4,w
  5144  024D  267B               	fcall	___lbdiv
  5145  024E  0721               	addwf	_led_control+1,w
  5146  024F                     L21:	
  5147  024F  00A1               	movwf	_led_control+1
  5148                           
  5149                           ;SC8F054_main.c: 202: }
  5150                           ;SC8F054_main.c: 203: if(led_control.green_duty >= led_control.set_green_duty)
  5151  0250  0825               	movf	_led_control+5,w
  5152  0251  0222               	subwf	_led_control+2,w
  5153  0252  1C03               	skipc
  5154  0253  2A56               	goto	i1l6693
  5155                           
  5156                           ;SC8F054_main.c: 204: {
  5157                           ;SC8F054_main.c: 205: led_control.green_duty = led_control.set_green_duty;
  5158  0254  0825               	movf	_led_control+5,w
  5159  0255  2A5B               	goto	L22
  5160  0256                     i1l6693:	
  5161                           ;SC8F054_main.c: 206: }
  5162                           
  5163                           
  5164                           ;SC8F054_main.c: 207: else
  5165                           ;SC8F054_main.c: 208: {
  5166                           ;SC8F054_main.c: 209: led_control.green_duty = led_control.green_duty + led_control.set_
      +                          green_duty / led_control.breat_time_control;
  5167  0256  0833               	movf	_led_control+19,w
  5168  0257  00F0               	movwf	___lbdiv@divisor
  5169  0258  0825               	movf	_led_control+5,w
  5170  0259  267B               	fcall	___lbdiv
  5171  025A  0722               	addwf	_led_control+2,w
  5172  025B                     L22:	
  5173  025B  00A2               	movwf	_led_control+2
  5174                           
  5175                           ;SC8F054_main.c: 210: }
  5176                           ;SC8F054_main.c: 211: if(led_control.blue_duty >= led_control.set_blue_duty)
  5177  025C  0826               	movf	_led_control+6,w
  5178  025D  0223               	subwf	_led_control+3,w
  5179  025E  1C03               	skipc
  5180  025F  2A62               	goto	i1l6699
  5181                           
  5182                           ;SC8F054_main.c: 212: {
  5183                           ;SC8F054_main.c: 213: led_control.blue_duty = led_control.set_blue_duty;
  5184  0260  0826               	movf	_led_control+6,w
  5185  0261  2A67               	goto	L23
  5186  0262                     i1l6699:	
  5187                           ;SC8F054_main.c: 214: }
  5188                           
  5189                           
  5190                           ;SC8F054_main.c: 215: else
  5191                           ;SC8F054_main.c: 216: {
  5192                           ;SC8F054_main.c: 217: led_control.blue_duty = led_control.blue_duty + led_control.set_bl
      +                          ue_duty / led_control.breat_time_control;
  5193  0262  0833               	movf	_led_control+19,w
  5194  0263  00F0               	movwf	___lbdiv@divisor
  5195  0264  0826               	movf	_led_control+6,w
  5196  0265  267B               	fcall	___lbdiv
  5197  0266  0723               	addwf	_led_control+3,w
  5198  0267                     L23:	
  5199  0267  00A3               	movwf	_led_control+3
  5200                           
  5201                           ;SC8F054_main.c: 218: }
  5202                           ;SC8F054_main.c: 219: if(led_control.led_mode_count <= 0)
  5203  0268  0829               	movf	_led_control+9,w
  5204  0269  1D03               	btfss	3,2
  5205  026A  2AB2               	goto	i1l6741
  5206  026B                     i1l6703:	
  5207                           
  5208                           ;SC8F054_main.c: 220: {
  5209                           ;SC8F054_main.c: 221: led_control.red_duty = led_control.set_red_duty;
  5210  026B  0824               	movf	_led_control+4,w
  5211  026C  00A1               	movwf	_led_control+1
  5212                           
  5213                           ;SC8F054_main.c: 222: led_control.green_duty = led_control.set_green_duty;
  5214  026D  0825               	movf	_led_control+5,w
  5215  026E  00A2               	movwf	_led_control+2
  5216                           
  5217                           ;SC8F054_main.c: 223: led_control.blue_duty = led_control.set_blue_duty;
  5218  026F  0826               	movf	_led_control+6,w
  5219  0270  00A3               	movwf	_led_control+3
  5220  0271  2AB2               	goto	i1l6741
  5221  0272                     i1l6705:	
  5222                           
  5223                           ;SC8F054_main.c: 228: else
  5224                           ;SC8F054_main.c: 229: {
  5225                           ;SC8F054_main.c: 230: if(led_control.led_mode_count)
  5226  0272  0829               	movf	_led_control+9,w
  5227  0273  1903               	btfsc	3,2
  5228  0274  2AB2               	goto	i1l6741
  5229                           
  5230                           ;SC8F054_main.c: 231: {
  5231                           ;SC8F054_main.c: 232: led_control.breath_time++;
  5232  0275  0AAA               	incf	_led_control+10,f
  5233                           
  5234                           ;SC8F054_main.c: 233: if(led_control.breath_time >= led_control.breath_start_off_time)
  5235  0276  082B               	movf	_led_control+11,w
  5236  0277  022A               	subwf	_led_control+10,w
  5237  0278  1C03               	skipc
  5238  0279  2AB2               	goto	i1l6741
  5239                           
  5240                           ;SC8F054_main.c: 234: {
  5241                           ;SC8F054_main.c: 235: led_control.breath_time = 0;
  5242  027A  01AA               	clrf	_led_control+10
  5243                           
  5244                           ;SC8F054_main.c: 236: led_control.led_mode_count--;
  5245  027B  03A9               	decf	_led_control+9,f
  5246                           
  5247                           ;SC8F054_main.c: 238: if(led_control.red_duty <= 0)
  5248  027C  0821               	movf	_led_control+1,w
  5249  027D  1D03               	btfss	3,2
  5250  027E  2A81               	goto	i1l6719
  5251                           
  5252                           ;SC8F054_main.c: 239: {
  5253                           ;SC8F054_main.c: 240: led_control.red_duty = 0;
  5254  027F  01A1               	clrf	_led_control+1
  5255                           
  5256                           ;SC8F054_main.c: 241: }
  5257  0280  2A87               	goto	i1l6721
  5258  0281                     i1l6719:	
  5259                           
  5260                           ;SC8F054_main.c: 242: else
  5261                           ;SC8F054_main.c: 243: {
  5262                           ;SC8F054_main.c: 244: led_control.red_duty = led_control.red_duty - led_control.set_red_
      +                          duty / led_control.breat_time_control;
  5263  0281  0833               	movf	_led_control+19,w
  5264  0282  00F0               	movwf	___lbdiv@divisor
  5265  0283  0824               	movf	_led_control+4,w
  5266  0284  267B               	fcall	___lbdiv
  5267  0285  0221               	subwf	_led_control+1,w
  5268  0286  00A1               	movwf	_led_control+1
  5269  0287                     i1l6721:	
  5270                           
  5271                           ;SC8F054_main.c: 245: }
  5272                           ;SC8F054_main.c: 247: if(led_control.green_duty <= 0)
  5273  0287  0822               	movf	_led_control+2,w
  5274  0288  1D03               	btfss	3,2
  5275  0289  2A8C               	goto	i1l6725
  5276                           
  5277                           ;SC8F054_main.c: 248: {
  5278                           ;SC8F054_main.c: 249: led_control.green_duty = 0;
  5279  028A  01A2               	clrf	_led_control+2
  5280                           
  5281                           ;SC8F054_main.c: 250: }
  5282  028B  2A92               	goto	i1l6727
  5283  028C                     i1l6725:	
  5284                           
  5285                           ;SC8F054_main.c: 251: else
  5286                           ;SC8F054_main.c: 252: {
  5287                           ;SC8F054_main.c: 253: led_control.green_duty = led_control.green_duty - led_control.set_
      +                          green_duty / led_control.breat_time_control;
  5288  028C  0833               	movf	_led_control+19,w
  5289  028D  00F0               	movwf	___lbdiv@divisor
  5290  028E  0825               	movf	_led_control+5,w
  5291  028F  267B               	fcall	___lbdiv
  5292  0290  0222               	subwf	_led_control+2,w
  5293  0291  00A2               	movwf	_led_control+2
  5294  0292                     i1l6727:	
  5295                           
  5296                           ;SC8F054_main.c: 254: }
  5297                           ;SC8F054_main.c: 256: if(led_control.blue_duty <= 0)
  5298  0292  0823               	movf	_led_control+3,w
  5299  0293  1D03               	btfss	3,2
  5300  0294  2A97               	goto	i1l6731
  5301                           
  5302                           ;SC8F054_main.c: 257: {
  5303                           ;SC8F054_main.c: 258: led_control.blue_duty = 0;
  5304  0295  01A3               	clrf	_led_control+3
  5305                           
  5306                           ;SC8F054_main.c: 259: }
  5307  0296  2A9D               	goto	i1l6733
  5308  0297                     i1l6731:	
  5309                           
  5310                           ;SC8F054_main.c: 260: else
  5311                           ;SC8F054_main.c: 261: {
  5312                           ;SC8F054_main.c: 262: led_control.blue_duty = led_control.blue_duty - led_control.set_bl
      +                          ue_duty / led_control.breat_time_control;
  5313  0297  0833               	movf	_led_control+19,w
  5314  0298  00F0               	movwf	___lbdiv@divisor
  5315  0299  0826               	movf	_led_control+6,w
  5316  029A  267B               	fcall	___lbdiv
  5317  029B  0223               	subwf	_led_control+3,w
  5318  029C  00A3               	movwf	_led_control+3
  5319  029D                     i1l6733:	
  5320                           
  5321                           ;SC8F054_main.c: 263: }
  5322                           ;SC8F054_main.c: 265: if(led_control.led_mode_count <= 0)
  5323  029D  0829               	movf	_led_control+9,w
  5324  029E  1D03               	btfss	3,2
  5325  029F  2AB2               	goto	i1l6741
  5326  02A0                     i1l6735:	
  5327                           
  5328                           ;SC8F054_main.c: 266: {
  5329                           ;SC8F054_main.c: 267: led_control.red_duty = 0;
  5330  02A0  01A1               	clrf	_led_control+1
  5331                           
  5332                           ;SC8F054_main.c: 268: led_control.green_duty = 0;
  5333  02A1  01A2               	clrf	_led_control+2
  5334                           
  5335                           ;SC8F054_main.c: 269: led_control.blue_duty = 0;
  5336  02A2  01A3               	clrf	_led_control+3
  5337  02A3  2AB2               	goto	i1l6741
  5338  02A4                     i1l6739:	
  5339  02A4  0828               	movf	_led_control+8,w
  5340                           
  5341                           ; Switch size 1, requested type "speed"
  5342                           ; Number of cases is 7, Range of values is 1 to 16
  5343                           ; switch strategies available:
  5344                           ; Name         Instructions Cycles
  5345                           ; direct_byte           25     9 (fixed)
  5346                           ; simple_byte           22    12 (average)
  5347                           ; jumptable            263     9 (fixed)
  5348                           ;	Chosen strategy is direct_byte
  5349  02A5  3EFF               	addlw	-1
  5350  02A6  1C03               	skipc
  5351  02A7  2AB2               	goto	i1l6741
  5352  02A8  0084               	movwf	4
  5353  02A9  3010               	movlw	16
  5354  02AA  0204               	subwf	4,w
  5355  02AB  1803               	skipnc
  5356  02AC  2AB2               	goto	i1l6741
  5357  02AD  3007               	movlw	high i1S6817
  5358  02AE  008A               	movwf	10
  5359  02AF  3039               	movlw	low i1S6817
  5360  02B0  0704               	addwf	4,w
  5361  02B1  0082               	movwf	2
  5362  02B2                     i1l6741:	
  5363  02B2  300A               	movlw	10
  5364                           
  5365                           ;SC8F054_main.c: 280: led_control.count_100ms++;
  5366  02B3  0AB0               	incf	_led_control+16,f
  5367                           
  5368                           ;SC8F054_main.c: 281: if(led_control.count_100ms >= 10)
  5369  02B4  0230               	subwf	_led_control+16,w
  5370  02B5  1C03               	skipc
  5371  02B6  2AC9               	goto	i1l627
  5372  02B7  300C               	movlw	12
  5373                           
  5374                           ;SC8F054_main.c: 282: {
  5375                           ;SC8F054_main.c: 283: led_control.count_100ms = 0;
  5376  02B8  01B0               	clrf	_led_control+16
  5377                           
  5378                           ;SC8F054_main.c: 284: led_control.count_1000ms++;
  5379  02B9  0AB1               	incf	_led_control+17,f
  5380                           
  5381                           ;SC8F054_main.c: 286: if(led_control.count_1000ms > 11)
  5382  02BA  0231               	subwf	_led_control+17,w
  5383  02BB  1C03               	skipc
  5384  02BC  2ABF               	goto	i1l6755
  5385                           
  5386                           ;SC8F054_main.c: 287: {
  5387                           ;SC8F054_main.c: 288: soft_recieve_control.rand_flag = 0;
  5388  02BD  11B6               	bcf	_soft_recieve_control,3
  5389                           
  5390                           ;SC8F054_main.c: 289: led_control.count_1000ms = 0;
  5391  02BE  01B1               	clrf	_led_control+17
  5392  02BF                     i1l6755:	
  5393                           
  5394                           ;SC8F054_main.c: 290: }
  5395                           ;SC8F054_main.c: 292: if(sleep_control.sleep_count < 20000)
  5396  02BF  304E               	movlw	78
  5397  02C0  0279               	subwf	_sleep_control+2,w
  5398  02C1  3020               	movlw	32
  5399  02C2  1903               	skipnz
  5400  02C3  0278               	subwf	_sleep_control+1,w
  5401  02C4  1803               	skipnc
  5402  02C5  2AC9               	goto	i1l627
  5403                           
  5404                           ;SC8F054_main.c: 293: {
  5405                           ;SC8F054_main.c: 294: sleep_control.sleep_count++;
  5406  02C6  0AF8               	incf	_sleep_control+1,f
  5407  02C7  1903               	skipnz
  5408  02C8  0AF9               	incf	_sleep_control+2,f
  5409  02C9                     i1l627:	
  5410  02C9  0876               	movf	??_INT_Isr+2,w
  5411  02CA  008A               	movwf	10
  5412  02CB  0875               	movf	??_INT_Isr+1,w
  5413  02CC  0084               	movwf	4
  5414  02CD  0E74               	swapf	??_INT_Isr^(0+-128),w
  5415  02CE  0083               	movwf	3
  5416  02CF  0EFE               	swapf	126,f
  5417  02D0  0E7E               	swapf	126,w
  5418  02D1  0009               	retfie
  5419  02D2                     __end_of_INT_Isr:	
  5420                           
  5421                           	psect	intentry
  5422  0004                     __pintentry:	
  5423                           ;incstack = 0
  5424                           ; Regs used in _INT_Isr: [wreg-fsr0h+status,2+status,0+pclath+cstack]
  5425                           
  5426  0004                     interrupt_function:	
  5427  007E                     saved_w	set	btemp
  5428  0004  00FE               	movwf	btemp
  5429  0005  0E03               	swapf	3,w
  5430  0006  00F4               	movwf	??_INT_Isr
  5431  0007  0804               	movf	4,w
  5432  0008  00F5               	movwf	??_INT_Isr+1
  5433  0009  080A               	movf	10,w
  5434  000A  00F6               	movwf	??_INT_Isr+2
  5435  000B  29CD               	ljmp	_INT_Isr
  5436                           
  5437                           	psect	swtext2
  5438  0739                     __pswtext2:	
  5439  0739                     i1S6817:	
  5440  0739  29E2               	ljmp	i1l6603
  5441  073A  29E6               	ljmp	i1l6605
  5442  073B  29F7               	ljmp	i1l6617
  5443  073C  2A0B               	ljmp	i1l6629
  5444  073D  2A17               	ljmp	i1l6641
  5445  073E  2AB2               	ljmp	i1l6741
  5446  073F  2AB2               	ljmp	i1l6741
  5447  0740  2AB2               	ljmp	i1l6741
  5448  0741  2AB2               	ljmp	i1l6741
  5449  0742  2AB2               	ljmp	i1l6741
  5450  0743  2AB2               	ljmp	i1l6741
  5451  0744  2AB2               	ljmp	i1l6741
  5452  0745  2AB2               	ljmp	i1l6741
  5453  0746  2A36               	ljmp	i1l6669
  5454  0747  2AB2               	ljmp	i1l6741
  5455  0748  2A26               	ljmp	i1l6655
  5456                           
  5457                           	psect	text33
  5458  067B                     __ptext33:	
  5459 ;; *************** function ___lbdiv *****************
  5460 ;; Defined at:
  5461 ;;		line 4 in file "D:\QW\QW-中微\SC8F054_DK\IDE\SCMCU_IDE_V2.00.17_Beta3\data\sources\common\lbdiv.c"
  5462 ;; Parameters:    Size  Location     Type
  5463 ;;  dividend        1    wreg     unsigned char 
  5464 ;;  divisor         1    0[COMMON] unsigned char 
  5465 ;; Auto vars:     Size  Location     Type
  5466 ;;  dividend        1    1[COMMON] unsigned char 
  5467 ;;  quotient        1    3[COMMON] unsigned char 
  5468 ;;  counter         1    2[COMMON] unsigned char 
  5469 ;; Return value:  Size  Location     Type
  5470 ;;                  1    wreg      unsigned char 
  5471 ;; Registers used:
  5472 ;;		wreg, status,2, status,0
  5473 ;; Tracked objects:
  5474 ;;		On entry : 100/0
  5475 ;;		On exit  : 100/0
  5476 ;;		Unchanged: 100/0
  5477 ;; Data sizes:     COMMON   BANK0   BANK1
  5478 ;;      Params:         1       0       0
  5479 ;;      Locals:         3       0       0
  5480 ;;      Temps:          0       0       0
  5481 ;;      Totals:         4       0       0
  5482 ;;Total ram usage:        4 bytes
  5483 ;; Hardware stack levels used:    1
  5484 ;; This function calls:
  5485 ;;		Nothing
  5486 ;; This function is called by:
  5487 ;;		_INT_Isr
  5488 ;; This function uses a non-reentrant model
  5489 ;;
  5490                           
  5491                           
  5492                           ;psect for function ___lbdiv
  5493  067B                     ___lbdiv:	
  5494                           
  5495                           ;incstack = 0
  5496                           ; Regs used in ___lbdiv: [wreg+status,2+status,0]
  5497                           ;___lbdiv@dividend stored from wreg
  5498  067B  00F1               	movwf	___lbdiv@dividend
  5499  067C  01F3               	clrf	___lbdiv@quotient
  5500  067D  0870               	movf	___lbdiv@divisor,w
  5501  067E  1903               	btfsc	3,2
  5502  067F  2E94               	goto	i1l6565
  5503  0680  01F2               	clrf	___lbdiv@counter
  5504  0681                     i1l6551:	
  5505  0681  0AF2               	incf	___lbdiv@counter,f
  5506  0682  1BF0               	btfsc	___lbdiv@divisor,7
  5507  0683  2E87               	goto	i1l4425
  5508  0684  1003               	clrc
  5509  0685  0DF0               	rlf	___lbdiv@divisor,f
  5510  0686  2E81               	goto	i1l6551
  5511  0687                     i1l4425:	
  5512  0687  1003               	clrc
  5513  0688  0DF3               	rlf	___lbdiv@quotient,f
  5514  0689  0870               	movf	___lbdiv@divisor,w
  5515  068A  0271               	subwf	___lbdiv@dividend,w
  5516  068B  1C03               	skipc
  5517  068C  2E91               	goto	L25
  5518  068D  0870               	movf	___lbdiv@divisor,w
  5519  068E  02F1               	subwf	___lbdiv@dividend,f
  5520  068F  1473               	bsf	___lbdiv@quotient,0
  5521  0690  1003               	clrc
  5522  0691                     L25:	
  5523  0691  0CF0               	rrf	___lbdiv@divisor,f
  5524  0692  0BF2               	decfsz	___lbdiv@counter,f
  5525  0693  2E87               	goto	i1l4425
  5526  0694                     i1l6565:	
  5527  0694  0873               	movf	___lbdiv@quotient,w
  5528  0695  0008               	return
  5529  0696                     __end_of___lbdiv:	
  5530                           
  5531                           	psect	text34
  5532  06B0                     __ptext34:	
  5533 ;; *************** function _Key_Check_Time *****************
  5534 ;; Defined at:
  5535 ;;		line 113 in file "D:\QW\QW-项目\QW-247\程序\手环-中微-程序-16通道-2.4G\QW-247_SC8F054_V1.0_16M2T_16Channel\SC8F054_k
      +ey.c"
  5536 ;; Parameters:    Size  Location     Type
  5537 ;;		None
  5538 ;; Auto vars:     Size  Location     Type
  5539 ;;		None
  5540 ;; Return value:  Size  Location     Type
  5541 ;;                  1    wreg      void 
  5542 ;; Registers used:
  5543 ;;		wreg, status,2, status,0
  5544 ;; Tracked objects:
  5545 ;;		On entry : 100/0
  5546 ;;		On exit  : 100/0
  5547 ;;		Unchanged: 0/0
  5548 ;; Data sizes:     COMMON   BANK0   BANK1
  5549 ;;      Params:         0       0       0
  5550 ;;      Locals:         0       0       0
  5551 ;;      Temps:          0       0       0
  5552 ;;      Totals:         0       0       0
  5553 ;;Total ram usage:        0 bytes
  5554 ;; Hardware stack levels used:    1
  5555 ;; This function calls:
  5556 ;;		Nothing
  5557 ;; This function is called by:
  5558 ;;		_INT_Isr
  5559 ;; This function uses a non-reentrant model
  5560 ;;
  5561                           
  5562                           
  5563                           ;psect for function _Key_Check_Time
  5564  06B0                     _Key_Check_Time:	
  5565                           
  5566                           ;SC8F054_key.c: 115: if(key_control.key_down_pb)
  5567                           
  5568                           ;incstack = 0
  5569                           ; Regs used in _Key_Check_Time: [wreg+status,2+status,0]
  5570  06B0  1CE9               	btfss	_key_control,1
  5571  06B1  2EC0               	goto	i1l6537
  5572                           
  5573                           ;SC8F054_key.c: 116: {
  5574                           ;SC8F054_key.c: 117: key_control.key_down_time_pb++;
  5575  06B2  0AEB               	incf	_key_control+2,f
  5576  06B3  1903               	skipnz
  5577  06B4  0AEC               	incf	_key_control+3,f
  5578                           
  5579                           ;SC8F054_key.c: 118: if(key_control.key_down_time_pb >= 3000)
  5580  06B5  300B               	movlw	11
  5581  06B6  026C               	subwf	_key_control+3,w
  5582  06B7  30B8               	movlw	184
  5583  06B8  1903               	skipnz
  5584  06B9  026B               	subwf	_key_control+2,w
  5585  06BA  1C03               	skipc
  5586  06BB  2EC0               	goto	i1l6537
  5587                           
  5588                           ;SC8F054_key.c: 119: {
  5589                           ;SC8F054_key.c: 120: key_control.key_down_time_pb = 3000;
  5590  06BC  30B8               	movlw	184
  5591  06BD  00EB               	movwf	_key_control+2
  5592  06BE  300B               	movlw	11
  5593  06BF  00EC               	movwf	_key_control+3
  5594  06C0                     i1l6537:	
  5595                           
  5596                           ;SC8F054_key.c: 121: }
  5597                           ;SC8F054_key.c: 122: }
  5598                           ;SC8F054_key.c: 123: if(key_control.key_up_pb)
  5599  06C0  1DE9               	btfss	_key_control,3
  5600  06C1  0008               	return
  5601                           
  5602                           ;SC8F054_key.c: 124: {
  5603                           ;SC8F054_key.c: 125: key_control.key_up_time_pb++;
  5604  06C2  0AEA               	incf	_key_control+1,f
  5605                           
  5606                           ;SC8F054_key.c: 126: if(key_control.key_up_time_pb >= 255)
  5607  06C3  0F6A               	incfsz	_key_control+1,w
  5608  06C4  0008               	return
  5609                           
  5610                           ;SC8F054_key.c: 127: {
  5611                           ;SC8F054_key.c: 128: key_control.key_up_time_pb = 255;
  5612  06C5  30FF               	movlw	255
  5613  06C6  00EA               	movwf	_key_control+1
  5614  06C7  0008               	return
  5615  06C8                     __end_of_Key_Check_Time:	
  5616  007E                     btemp	set	126	;btemp
  5617  007E                     wtemp0	set	126


Data Sizes:
    Strings     0
    Constant    0
    Data        51
    BSS         38
    Persistent  0
    Stack       0

Auto Spaces:
    Space          Size  Autos    Used
    COMMON           14      7      10
    BANK0            80     30      77
    BANK1            80      0      39

Pointer List with Targets:

    RF_RX_Data@rx_buff	PTR unsigned char  size(1) Largest target is 34
		 -> soft_data(BANK1[34]), 

    RF_Set_Address@AddrBuff	PTR unsigned char  size(1) Largest target is 5
		 -> RF_Test_Adrress(BANK1[5]), 

    RF_Read_Buff@pBuff	PTR unsigned char  size(1) Largest target is 8
		 -> XL2400T_Init@gRfBuffer(BANK0[8]), RF_Rx_Mode@Mode_Buff(BANK0[3]), RF_Tx_Mode@Mode_Buff(COMMON[3]), RF_Set_Power@Power_Buff(BANK0[3]), 

    RF_Write_Buff@pBuff	PTR unsigned char  size(1) Largest target is 8
		 -> RF_Test_Adrress(BANK1[5]), XL2400T_Init@gRfBuffer(BANK0[8]), RF_Rx_Mode@Mode_Buff(BANK0[3]), RF_Tx_Mode@Mode_Buff(COMMON[3]), 
		 -> RF_Set_Power@Power_Buff(BANK0[3]), 


Critical Paths under _main in COMMON

    None.

Critical Paths under _INT_Isr in COMMON

    _INT_Isr->___lbdiv

Critical Paths under _main in BANK0

    _XL2400T_Init->_RF_Set_Power
    _RF_Set_Power->_RF_Write_Buff
    _RF_Set_Address->_RF_Write_Buff
    _Delay_1ms->_Delay_us
    _Sleep_Mode->_RF_SPI_Write_Reg
    _Rand_num->_rand
    _rand->___lmul
    _RF_Rx_Mode->_RF_Write_Buff
    _RF_Write_Buff->_RF_SPI_Write_Byte
    _RF_Set_Chn->_RF_SPI_Read_Reg
    _RF_Set_Chn->_RF_SPI_Write_Reg
    _RF_Read_Buff->_RF_SPI_Read_Byte
    _RF_Read_Buff->_RF_SPI_Write_Byte
    _Delay_ms->_Delay_us
    _RF_RX_Data->_Soft_Decode
    _Soft_Decode->___awmod
    _RF_SPI_Read_Reg->_RF_SPI_Read_Byte
    _RF_SPI_Read_Reg->_RF_SPI_Write_Byte
    _RF_Refresh_State->_RF_SPI_Write_Reg
    _RF_CE_Low->_RF_SPI_Write_Reg
    _RF_CE_High->_RF_SPI_Write_Reg
    _RF_SPI_Write_Reg->_RF_SPI_Write_Byte
    _Led_Color_Prg->_map_0_255_to_1000_0
    _map_0_255_to_1000_0->___lldiv
    ___lldiv->___lmul

Critical Paths under _INT_Isr in BANK0

    None.

Critical Paths under _main in BANK1

    None.

Critical Paths under _INT_Isr in BANK1

    None.

Call Graph Tables:

 ---------------------------------------------------------------------------------
 (Depth) Function   	        Calls       Base Space   Used Autos Params    Refs
 ---------------------------------------------------------------------------------
 (0) _main                                                 0     0      0   20604
                        _Init_System
                      _Led_Color_Prg
                         _RF_RX_Data
                         _RF_Rx_Mode
                           _Rand_num
                         _Sleep_Mode
                       _XL2400T_Init
 ---------------------------------------------------------------------------------
 (1) _XL2400T_Init                                         9     9      0    6041
                                             12 BANK0      8     8      0
                          _Delay_1ms
                           _Delay_ms
                       _RF_Read_Buff
                   _RF_SPI_Write_Reg
                     _RF_Set_Address
                       _RF_Set_Power
                      _RF_Write_Buff
 ---------------------------------------------------------------------------------
 (2) _RF_Set_Power                                         4     4      0    1750
                                              8 BANK0      4     4      0
                       _RF_Read_Buff
                      _RF_Write_Buff
 ---------------------------------------------------------------------------------
 (2) _RF_Set_Address                                       1     1      0     968
                                              8 BANK0      1     1      0
                      _RF_Write_Buff
 ---------------------------------------------------------------------------------
 (2) _Delay_1ms                                            0     0      0     114
                           _Delay_us
 ---------------------------------------------------------------------------------
 (1) _Sleep_Mode                                           0     0      0    2402
                        _Init_System
                          _RF_CE_Low
                   _RF_SPI_Write_Reg
 ---------------------------------------------------------------------------------
 (2) _Init_System                                          0     0      0       0
 ---------------------------------------------------------------------------------
 (1) _Rand_num                                             0     0      0     516
                               _rand
 ---------------------------------------------------------------------------------
 (2) _rand                                                 2     0      2     516
                                             12 BANK0      2     0      2
                             ___lmul
 ---------------------------------------------------------------------------------
 (1) _RF_Rx_Mode                                           3     3      0    5774
                                              8 BANK0      3     3      0
                           _Delay_ms
                         _RF_CE_High
                       _RF_Read_Buff
                   _RF_Refresh_State
                         _RF_Set_Chn
                      _RF_Write_Buff
 ---------------------------------------------------------------------------------
 (2) _RF_Write_Buff                                        6     4      2     897
                                              2 BANK0      6     4      2
                  _RF_SPI_Write_Byte
 ---------------------------------------------------------------------------------
 (2) _RF_Set_Chn                                           3     3      0    1461
                                              4 BANK0      3     3      0
                    _RF_SPI_Read_Reg
                   _RF_SPI_Write_Reg
 ---------------------------------------------------------------------------------
 (3) _RF_Read_Buff                                         5     3      2     759
                                              2 BANK0      5     3      2
                   _RF_SPI_Read_Byte
                  _RF_SPI_Write_Byte
 ---------------------------------------------------------------------------------
 (2) _Delay_ms                                             2     2      0     160
                                              3 BANK0      2     2      0
                           _Delay_us
 ---------------------------------------------------------------------------------
 (3) _Delay_us                                             3     3      0     114
                                              0 BANK0      3     3      0
 ---------------------------------------------------------------------------------
 (1) _RF_RX_Data                                           1     1      0    4564
                                             11 BANK0      1     1      0
                          _Delay_3us
                          _Key_Event
                           _Key_Scan
                         _RF_CE_High
                          _RF_CE_Low
                   _RF_Refresh_State
                   _RF_SPI_Read_Byte
                    _RF_SPI_Read_Reg
                  _RF_SPI_Write_Byte
                        _Soft_Decode
 ---------------------------------------------------------------------------------
 (2) _Soft_Decode                                          5     5      0     402
                                              6 BANK0      5     5      0
                            ___awmod
 ---------------------------------------------------------------------------------
 (3) ___awmod                                              6     2      4     402
                                              0 BANK0      6     2      4
 ---------------------------------------------------------------------------------
 (3) _RF_SPI_Read_Reg                                      2     2      0     188
                                              2 BANK0      2     2      0
                   _RF_SPI_Read_Byte
                  _RF_SPI_Write_Byte
 ---------------------------------------------------------------------------------
 (4) _RF_SPI_Read_Byte                                     2     2      0      72
                                              0 BANK0      2     2      0
 ---------------------------------------------------------------------------------
 (2) _RF_Refresh_State                                     0     0      0    1201
                   _RF_SPI_Write_Reg
 ---------------------------------------------------------------------------------
 (2) _RF_CE_Low                                            0     0      0    1201
                   _RF_SPI_Write_Reg
 ---------------------------------------------------------------------------------
 (2) _RF_CE_High                                           0     0      0    1201
                   _RF_SPI_Write_Reg
 ---------------------------------------------------------------------------------
 (2) _RF_SPI_Write_Reg                                     2     1      1    1201
                                              2 BANK0      2     1      1
                  _RF_SPI_Write_Byte
 ---------------------------------------------------------------------------------
 (3) _RF_SPI_Write_Byte                                    2     2      0      70
                                              0 BANK0      2     2      0
 ---------------------------------------------------------------------------------
 (2) _Key_Scan                                             0     0      0       0
 ---------------------------------------------------------------------------------
 (2) _Key_Event                                            0     0      0       0
 ---------------------------------------------------------------------------------
 (2) _Delay_3us                                            2     2      0      92
                                              0 BANK0      2     2      0
 ---------------------------------------------------------------------------------
 (1) _Led_Color_Prg                                        0     0      0    1307
                _map_0_255_to_1000_0
 ---------------------------------------------------------------------------------
 (2) _map_0_255_to_1000_0                                  5     3      2    1307
                                             25 BANK0      5     3      2
                            ___lldiv
                             ___lmul
 ---------------------------------------------------------------------------------
 (3) ___lmul                                              12     4      8     516
                                              0 BANK0     12     4      8
 ---------------------------------------------------------------------------------
 (3) ___lldiv                                             13     5      8     480
                                             12 BANK0     13     5      8
                             ___lmul (ARG)
 ---------------------------------------------------------------------------------
 Estimated maximum stack depth 4
 ---------------------------------------------------------------------------------
 (Depth) Function   	        Calls       Base Space   Used Autos Params    Refs
 ---------------------------------------------------------------------------------
 (5) _INT_Isr                                              3     3      0     533
                                              4 COMMON     3     3      0
                     _Key_Check_Time
                            ___lbdiv
 ---------------------------------------------------------------------------------
 (6) ___lbdiv                                              4     3      1     533
                                              0 COMMON     4     3      1
 ---------------------------------------------------------------------------------
 (6) _Key_Check_Time                                       0     0      0       0
 ---------------------------------------------------------------------------------
 Estimated maximum stack depth 6
 ---------------------------------------------------------------------------------

 Call Graph Graphs:

 _main (ROOT)
   _Init_System
   _Led_Color_Prg
     _map_0_255_to_1000_0
       ___lldiv
         ___lmul (ARG)
       ___lmul
   _RF_RX_Data
     _Delay_3us
     _Key_Event
     _Key_Scan
     _RF_CE_High
       _RF_SPI_Write_Reg
         _RF_SPI_Write_Byte
     _RF_CE_Low
       _RF_SPI_Write_Reg
         _RF_SPI_Write_Byte
     _RF_Refresh_State
       _RF_SPI_Write_Reg
         _RF_SPI_Write_Byte
     _RF_SPI_Read_Byte
     _RF_SPI_Read_Reg
       _RF_SPI_Read_Byte
       _RF_SPI_Write_Byte
     _RF_SPI_Write_Byte
     _Soft_Decode
       ___awmod
   _RF_Rx_Mode
     _Delay_ms
       _Delay_us
     _RF_CE_High
       _RF_SPI_Write_Reg
         _RF_SPI_Write_Byte
     _RF_Read_Buff
       _RF_SPI_Read_Byte
       _RF_SPI_Write_Byte
     _RF_Refresh_State
       _RF_SPI_Write_Reg
         _RF_SPI_Write_Byte
     _RF_Set_Chn
       _RF_SPI_Read_Reg
         _RF_SPI_Read_Byte
         _RF_SPI_Write_Byte
       _RF_SPI_Write_Reg
         _RF_SPI_Write_Byte
     _RF_Write_Buff
       _RF_SPI_Write_Byte
   _Rand_num
     _rand
       ___lmul
   _Sleep_Mode
     _Init_System
     _RF_CE_Low
       _RF_SPI_Write_Reg
         _RF_SPI_Write_Byte
     _RF_SPI_Write_Reg
       _RF_SPI_Write_Byte
   _XL2400T_Init
     _Delay_1ms
       _Delay_us
     _Delay_ms
       _Delay_us
     _RF_Read_Buff
       _RF_SPI_Read_Byte
       _RF_SPI_Write_Byte
     _RF_SPI_Write_Reg
       _RF_SPI_Write_Byte
     _RF_Set_Address
       _RF_Write_Buff
         _RF_SPI_Write_Byte
     _RF_Set_Power
       _RF_Read_Buff
         _RF_SPI_Read_Byte
         _RF_SPI_Write_Byte
       _RF_Write_Buff
         _RF_SPI_Write_Byte
     _RF_Write_Buff
       _RF_SPI_Write_Byte

 _INT_Isr (ROOT)
   _Key_Check_Time
   ___lbdiv

 Address spaces:
Name               Size   Autos  Total    Cost      Usage
BANK1               50      0      27       6       48.8%
BITBANK1            50      0       0       5        0.0%
SFR1                 0      0       0       2        0.0%
BITSFR1              0      0       0       2        0.0%
BANK0               50     1E      4D       4       96.3%
BITBANK0            50      0       0       3        0.0%
SFR0                 0      0       0       1        0.0%
BITSFR0              0      0       0       1        0.0%
COMMON               E      7       A       1       71.4%
BITCOMMON            E      0       0       0        0.0%
CODE                 0      0       0       0        0.0%
DATA                 0      0      7E       8        0.0%
ABS                  0      0      7E       7        0.0%
NULL                 0      0       0       0        0.0%
STACK                0      0       0       2        0.0%


Microchip Technology PIC Macro Assembler V1.45 build -152302408 
Symbol Table                                                                                   Mon Aug 31 09:53:18 2026

                            pc 0002                             fsr 0004                            _GIE 005F  
                          _RB0 0030                            _RB4 0034                            _RB5 0035  
                          _PR2 0011                            fsr0 0004                            indf 0000  
                 ___awmod@sign 0050                           S6815 0729                           l1170 0566  
                         l1183 0642                           l3501 071B                           l3521 0703  
                         l1753 02E6                           l3515 06DB                           l1756 0318  
                         l1767 0774                           l6103 010D                           l1759 032D  
                         l4169 057B                           l6025 004C                           l6131 0148  
                         l6205 01B7                           l6133 014A                           l6141 0154  
                         l6061 00C5                           l3494 06E1                           l3496 06E6  
                         l6401 03FC                           l3497 06E7                           l6129 0145  
                         l6217 01C3                           l6065 00D0                           l6057 00BC  
                         l6073 00E2                           l6081 00EA                           l6171 018E  
                         l6413 040E                           l6405 0404                           l6165 0185  
                         l6069 00DB                           l6341 053D                           l6423 041A  
                         l6415 0417                           l6407 040A                           l6431 041E  
                         l6183 019C                           l6079 01C2                           l6361 03D0  
                         l6433 0429                           l6177 0195                           l6089 00F4  
                         l2897 008A                           l6513 033C                           l6521 0343  
                         l6435 042F                           l6187 019E                           l5821 04C7  
                         l6373 03DA                           l6365 03D3                           l6367 03D6  
                         l6359 03CB                           l5735 06CD                           l5809 049C  
                         l5905 055B                           l5755 0591                           l6395 03EC  
                         l6387 03E2                           l6379 03DD                           l5915 056B  
                         l5771 04DA                           l6467 02F5                           l6459 02E9  
                         l6397 03F0                           l6389 03E6                           l5749 06F6  
                         l6399 03F6                           l5951 0654                           l5783 04ED  
                         l5791 0500                           l5775 04E1                           l6575 07A2  
                         l5689 075A                           l5971 0778                           l5795 0508  
                         l5699 0761                           l5959 0772                           l5899 0552  
                         l5987 0797                           _IOCA 0089                           _IOCB 0009  
                         u1345 04AF                           u1295 04F3                           _PIE1 000E  
                         u1664 0097                           u1665 0094                           u1834 016B  
                         u1835 0168                ?_RF_Set_Address 0070                           u1774 011E  
                         u1775 011B                           u1980 0445                           _RBIE 005B  
                         _RBIF 0058                           _PIR1 000D                __end_of_INT_Isr 02D2  
                         _WPDA 0087                           _WPDB 0007                           _WPUA 0088  
                         _WPUB 0008                           _main 079F                           _rand 05DC  
                         btemp 007E                           start 000C                  _RF_Write_Buff 06C8  
 __size_of_map_0_255_to_1000_0 0075                  ??_Init_System 004B                          ?_main 0070  
                        ?_rand 0057                __end_of___lbdiv 0696                __end_of___awmod 050D  
                  ?_RF_CE_High 0070                __end_of___lldiv 04D0                          _T2CON 0013  
                        i1l627 02C9                          _PORTB 0006                          _TRISA 0085  
                        _TRISB 0005                          _PWMTH 0018                          _PWMTL 0017  
    __size_of_RF_SPI_Read_Byte 0012             __size_of_RF_CE_Low 0004            ___lmul@multiplicand 004F  
                        _randx 0047                    ?_RF_RX_Data 0070                          pclath 000A  
                RF_Read_Buff@i 0051                  ?_XL2400T_Init 0070                          status 0003  
                        wtemp0 007E                ___lbdiv@divisor 0070                 ?_RF_Write_Buff 004D  
             RF_Write_Buff@Len 004E                ___lbdiv@counter 0072               __end_of_Delay_ms 079F  
             __end_of_Delay_us 0765                    ?_RF_Set_Chn 0070                    ?_RF_Rx_Mode 0070  
              __initialization 000D                   __end_of_main 07A8                   __end_of_rand 0609  
             __end_of_Key_Scan 0577             __size_of_Delay_1ms 0002             __size_of_Delay_3us 000D  
              _RF_SPI_Read_Reg 07B0               __end_of_Rand_num 0795                         ??_main 0069  
                       ??_rand 0059         RF_Set_Power@Power_Buff 0054            __end_of_Init_System 05DC  
    __size_of_RF_SPI_Write_Reg 0007                      ??_INT_Isr 0074                         i1S6817 0739  
                       _ODCONA 008C                         _ODCONB 000C             __size_of_Key_Event 0028  
                       i1l4425 0687                         i1l6603 01E2                         i1l6613 01F5  
                       i1l6605 01E6                         i1l6551 0681                         i1l6703 026B  
                       i1l6537 06C0                         i1l6721 0287                         i1l6705 0272  
                       i1l6641 0217                         i1l6625 0200                         i1l6617 01F7  
                       i1l6731 0297                         i1l6627 0209                         i1l6565 0694  
                       i1l6733 029D                         i1l6725 028C                         i1l6629 020B  
                       i1l6741 02B2                         i1l6735 02A0                         i1l6727 0292  
                       i1l6719 0281                         i1l6655 0226                         i1l6755 02BF  
                       i1l6739 02A4                         i1l6693 0256                         i1l6669 0236  
                       i1l6687 024A                         i1l6699 0262                         _INTCON 000B  
               ??_XL2400T_Init 0057                         _OSCCON 0014                         _TMR2IE 0071  
                       _TMR2IF 0069                         _PWMD1L 001A                         _PWMD2L 009B  
                       _PWMD4L 001B                         _PWMT4L 001C                  RF_Set_Chn@Chn 004F  
          __size_of_RF_CE_High 0004                     _Sleep_Mode 02D2              __end_of_RF_CE_Low 07C2  
        __end_of_Led_Color_Prg 0435                         ___lmul 0577                      ??___lbdiv 0071  
                    ??___awmod 004F                      ??___lldiv 005F              ?_RF_Refresh_State 0070  
              ___awmod@divisor 004B            __size_of_RF_RX_Data 0037                ___awmod@counter 004F  
           ??_RF_Refresh_State 004F                  ??_Soft_Decode 0051                   __pdataCOMMON 0077  
                       saved_w 007E            __size_of_RF_Set_Chn 001A              RF_RX_Data@rx_buff 0056  
          __size_of_RF_Rx_Mode 001F               ??_Key_Check_Time 0070               ___lbdiv@dividend 0071  
            __end_of_Delay_1ms 07C8              __end_of_Delay_3us 077F                ??_RF_Write_Buff 004F  
      __end_of__initialization 0030          XL2400T_Init@gRfBuffer 0057        __end_of_RF_SPI_Read_Reg 07B7  
               __pcstackCOMMON 0070                   __pidataBANK0 0609                   __pidataBANK1 0000  
                  _Init_System 05AA    map_0_255_to_1000_0@red_duty 0066              __end_of_Key_Event 065C  
             ___lbdiv@quotient 0073               _RF_SPI_Read_Byte 0717               ??_RF_Set_Address 0053  
                    ?_Delay_ms 0070                      ?_Delay_us 0070            _map_0_255_to_1000_0 034C  
          __end_of_Soft_Decode 01CD                     __pbssBANK0 0069                     __pbssBANK1 00A0  
                    ?_Key_Scan 0070                      ?_Rand_num 0070                    ?_Sleep_Mode 0070  
         ?_map_0_255_to_1000_0 0064                     __pmaintext 079F                        ?___lmul 004B  
                   __pintentry 0004          RF_SPI_Write_Byte@buff 004B                 ___lmul@product 0053  
         __end_of_XL2400T_Init 0488                   ??_RF_CE_High 004F               _RF_SPI_Write_Reg 07B7  
                   ??_Delay_ms 004E                     ??_Delay_us 004B                        _INT_Isr 01CD  
                      _PWMD01H 001E                        _PWMD23H 009E                        _PWMCON0 0015  
                      _PWMCON1 0016                        _PWMCON2 001D                   ??_RF_RX_Data 0056  
               RF_Set_Chn@temp 0050                     ??_Key_Scan 004B                     ??_Rand_num 0059  
                 ??_RF_Set_Chn 004F             __end_of_RF_CE_High 07C6          ??_map_0_255_to_1000_0 0066  
                 ??_RF_Rx_Mode 0053               ?_RF_SPI_Read_Reg 0070                        ___lbdiv 067B  
              __size_of___lmul 0033                        ___awmod 04D0                        ___lldiv 0488  
            RF_Set_Power@Power 0053                        __ptext1 0435                        __ptext2 0705  
                      __ptext3 077F                        __ptext4 07C6                        __ptext5 02D2  
                      __ptext6 05AA                        __ptext7 078B                        __ptext8 05DC  
                      __ptext9 065C             __end_of_RF_RX_Data 0544                    _Soft_Decode 0032  
             ___awmod@dividend 004D            __size_of_Sleep_Mode 007A             __end_of_RF_Set_Chn 06B0  
           __end_of_RF_Rx_Mode 067B                        clrloop0 07A9           end_of_initialization 0030  
                    Delay_ms@i 004F                      Delay_ms@x 004E                      Delay_us@i 004C  
                    Delay_us@j 004D                      Delay_us@x 004B                ___lldiv@divisor 0057  
              ___lldiv@counter 0063                RF_Read_Buff@Len 004E                      _RF_CE_Low 07BE  
                ?_RF_Read_Buff 004D              RF_SPI_Read_Byte@i 004C             RF_Write_Buff@pBuff 004D  
           RF_Write_Buff@rTemp 0051      __size_of_RF_Refresh_State 000D                  ?_RF_Set_Power 0070  
 map_0_255_to_1000_0@blue_duty 0065                      _Delay_1ms 07C6                      _Delay_3us 0772  
     __end_of_RF_SPI_Read_Byte 0729          __size_of_XL2400T_Init 0053             RF_SPI_Write_Byte@i 004C  
                 ?_Init_System 0070                     ?_RF_CE_Low 0070                 __end_of___lmul 05AA  
                __pidataCOMMON 0000                 ??_RF_Read_Buff 004F                      _Key_Event 0634  
          start_initialization 000D              __size_of_Delay_ms 000A              __size_of_Delay_us 000D  
       __size_of_Led_Color_Prg 0074                 ??_RF_Set_Power 0053                   _XL2400T_Init 0435  
        __end_of_RF_Write_Buff 06DD              __size_of_Key_Scan 0033                     ?_Delay_1ms 0070  
                   ?_Delay_3us 0070                   ??_Sleep_Mode 004F       __end_of_RF_SPI_Write_Reg 07BE  
            __size_of_Rand_num 000A                       ??___lmul 0053                     init_fetch0 0749  
                  __pdataBANK0 0020                    __pdataBANK1 00C2                     ?_Key_Event 0070  
                    ___latbits 0000                  __pcstackBANK0 004B                       ?_INT_Isr 0070  
           __end_of_Sleep_Mode 034C        __size_of_Key_Check_Time 0018         RF_SPI_Write_Reg@RF_Reg 004E  
                     ?___lbdiv 0070                  _Led_Color_Prg 03C1                       ?___awmod 004B  
                     ?___lldiv 0057  map_0_255_to_1000_0@green_duty 0064                    ??_RF_CE_Low 004F  
       RF_SPI_Write_Reg@W_Data 004D                      __pswtext1 0729                      __pswtext2 0739  
map_0_255_to_1000_0@duty_10bit 0067                   ?_Soft_Decode 0070               _RF_Refresh_State 0765  
  __end_of_map_0_255_to_1000_0 03C1              interrupt_function 0004        __size_of_RF_Set_Address 000C  
                    clear_ram0 07A8                    ??_Delay_1ms 004E              _RF_SPI_Write_Byte 06DD  
                  ??_Delay_3us 004B           __end_of_RF_Read_Buff 0705             ?_RF_SPI_Write_Byte 0070  
               ?_Led_Color_Prg 0070             RF_Read_Buff@RF_Reg 0050                    _led_control 0020  
                    _soft_data 00A0            ??_RF_SPI_Write_Byte 004B           __end_of_RF_Set_Power 0717  
     __size_of_RF_SPI_Read_Reg 0007           __size_of_Init_System 0032                    ??_Key_Event 004B  
       RF_Set_Address@AddrBuff 0053                       _Delay_ms 0795                       _Delay_us 0758  
                _sleep_control 0077               __size_of_INT_Isr 0105              ___lmul@multiplier 004B  
                     _Key_Scan 0544                 RF_Write_Buff@i 0052      __end_of_RF_SPI_Write_Byte 06F2  
          RF_Rx_Mode@Mode_Buff 0053                       _Rand_num 078B              ?_RF_SPI_Read_Byte 0070  
           ??_RF_SPI_Read_Byte 004B               __size_of___lbdiv 001B               __size_of___awmod 003D  
             __size_of___lldiv 0048                    _key_control 0069                       __ptext10 06C8  
                     __ptext11 0696                       __ptext20 0765                       __ptext12 06F2  
                     __ptext21 07BE                       __ptext13 0795                       __ptext30 0577  
                     __ptext22 07C2                       __ptext14 0758                       __ptext31 0488  
                     __ptext23 07B7                       __ptext15 050D                       __ptext32 01CD  
                     __ptext24 06DD                       __ptext16 0032                       __ptext33 067B  
                     __ptext25 0544                       __ptext17 04D0                       __ptext34 06B0  
                     __ptext26 0634                       __ptext18 07B0                       __ptext27 0772  
                     __ptext19 0717                       __ptext28 03C1                       __ptext29 034C  
                __size_of_main 0009                  __size_of_rand 002D                 _Key_Check_Time 06B0  
              ??_Led_Color_Prg 0069              ?_RF_SPI_Write_Reg 004D             ??_RF_SPI_Write_Reg 004E  
            RF_Read_Buff@pBuff 004D                     Delay_3us@i 004B                     Delay_3us@j 004C  
                     init_ram0 074D           __size_of_Soft_Decode 019B              ??_RF_SPI_Read_Reg 004D  
                     intlevel1 0000          __size_of_RF_Read_Buff 0013     __size_of_RF_SPI_Write_Byte 0015  
               _RF_Set_Address 077F               ___lldiv@dividend 005B         __end_of_Key_Check_Time 06C8  
         _soft_recieve_control 0036          __size_of_RF_Set_Power 0012       __end_of_RF_Refresh_State 0772  
                   _RF_CE_High 07C2                     _OPTION_REG 0001               ___lldiv@quotient 005F  
       __size_of_RF_Write_Buff 0015                   _RF_Read_Buff 06F2         __end_of_RF_Set_Address 078B  
        RF_SPI_Read_Reg@RF_Reg 004D                     _RF_RX_Data 050D                _RF_Test_Adrress 00C2  
          RF_Write_Buff@RF_Reg 0050                   _RF_Set_Power 0705                ?_Key_Check_Time 0070  
                   _RF_Set_Chn 0696           RF_SPI_Read_Byte@buff 004B                     _RF_Rx_Mode 065C  
         RF_SPI_Read_Reg@rTemp 004E  
